respondent_id,weight,age_group4,education,raceeth,gender,pid_base,region,q28,q29,q30,q31,q32,q33,q34,q35,attn_check_fail,speeder,straight_line,duration_seconds,completion_date,project_id
awaa8rhwjsdo4fuxudriho1x,1.072085,65+,HS or less,White,Male,Democrat,South,Somewhat accurate,Not very trustworthy,Not very important,Not likely,Yes,Not at all likely,It would be one I would likely choose,Yes,FALSE,FALSE,FALSE,406,2025-07-05,2024-076
y70d1py3e4449dfnog63qb5q,0.957609,18-29,Some college/2-yr degree,White,Male,Democrat,West,Not at all accurate,Not at all trustworthy,Somewhat important,Not likely,Maybe,Likely,It would be one I would likely choose,It depends on who is asking,FALSE,FALSE,TRUE,344,2025-06-23,2024-076
eotxqaxczappckcylrxgk6la,0.990343,30-49,Some college/2-yr degree,White,Female,Democrat,South,Somewhat accurate,Not very trustworthy,Somewhat important,Not likely,Yes,Very likely,It would be one I would likely choose,No,FALSE,FALSE,FALSE,342,2025-06-22,2024-076
drl4jmsffcjmv3ytvs5asglc,1.095803,18-29,Some college/2-yr degree,Black,Female,Independent,South,Not at all accurate,Somewhat trustworthy,Somewhat important,Not likely,Yes,Very likely,It would become my preferred incentive offer,Yes,FALSE,FALSE,FALSE,252,2025-06-21,2024-076
vljc6c3bs0bczd1aikq5ts4s,1.725791,50-64,4-yr/post-graduate degree,White,Female,Republican,Midwest,Somewhat accurate,Very trustworthy,Somewhat important,Somewhat likely,No,Not at all likely,It would not interest me,It depends on who is asking,FALSE,FALSE,FALSE,501,2025-06-30,2024-076
6sjs1gbwsszwirprzaiafnv1,1.092029,65+,4-yr/post-graduate degree,Black,Female,Independent,West,Somewhat accurate,Somewhat trustworthy,Not at all important,Not likely,Yes,Likely,It would be one I would likely choose,It depends on who is asking,FALSE,FALSE,TRUE,439,2025-06-29,2024-076
bno29nk5tqhpjdcuvqc9062y,1.35932,65+,HS or less,Hispanic,Female,Democrat,South,Very accurate,Not very trustworthy,Extremely important,Not likely,Maybe,Not at all likely,It would not interest me,It depends on who is asking,FALSE,FALSE,FALSE,321,2025-06-20,2024-076
2t6b2za6hu7nl09tq9s0bm4f,0.702511,30-49,Some college/2-yr degree,White,Male,Democrat,Midwest,Not very accurate,Not very trustworthy,Extremely important,Not likely,Maybe,Likely,It would become my preferred incentive offer,Yes,FALSE,FALSE,FALSE,336,2025-07-07,2024-076
fpgc7oqnxbyqatns13vvqb24,1.487962,50-64,Some college/2-yr degree,Hispanic,Male,Independent,South,Not very accurate,Somewhat trustworthy,Somewhat important,Somewhat likely,No,Not at all likely,It would be one I would likely choose,Yes,FALSE,FALSE,FALSE,419,2025-06-26,2024-076
yezi9a0sni9hnylt2f2hvsqw,0.77782,30-49,Some college/2-yr degree,Black,Male,Independent,West,Not very accurate,Not very trustworthy,Not very important,Somewhat likely,Yes,Not very likely,It would be one I would likely choose,It depends on who is asking,FALSE,FALSE,FALSE,290,2025-07-09,2024-076
c1m8siq64bu3k55rv34p52n9,1.275122,18-29,4-yr/post-graduate degree,White,Female,Republican,Midwest,Not very accurate,Very trustworthy,Very important,Very likely,Maybe,Not very likely,It would become my preferred incentive offer,It depends on who is asking,FALSE,FALSE,FALSE,301,2025-07-15,2024-076
wt862263kyj6eqs29v1ziynp,0.893781,50-64,Some college/2-yr degree,Hispanic,Male,Republican,South,Somewhat accurate,Somewhat trustworthy,Not very important,Not likely,Yes,Very likely,It would be one I would likely choose,It depends on who is asking,FALSE,FALSE,FALSE,287,2025-06-25,2024-076
rigf2ccicr52956rbi28lebi,1.046162,65+,4-yr/post-graduate degree,Black,Female,Republican,Midwest,Somewhat accurate,Very trustworthy,Not at all important,Not likely,Maybe,Not very likely,It would become my preferred incentive offer,Yes,FALSE,FALSE,FALSE,462,2025-07-02,2024-076
nv6ti669vozrjkztoedpkzsi,0.554625,30-49,Some college/2-yr degree,White,Female,Democrat,South,Somewhat accurate,Very trustworthy,Somewhat important,Very likely,Yes,Not very likely,It would not interest me,It depends on who is asking,FALSE,FALSE,FALSE,468,2025-07-10,2024-076
8hoa0g7idozb7mfla6myrxfc,0.859987,50-64,HS or less,Black,Male,Republican,Northeast,Not at all accurate,Somewhat trustworthy,Very important,Not likely,Maybe,Not at all likely,It would be one I would likely choose,No,FALSE,FALSE,FALSE,339,2025-06-23,2024-076
nufx43r2adhp2g8h8l11348d,1.134626,65+,4-yr/post-graduate degree,Hispanic,Female,Democrat,West,Somewhat accurate,Somewhat trustworthy,Very important,Not likely,Yes,Very likely,It would not interest me,It depends on who is asking,FALSE,FALSE,FALSE,418,2025-06-17,2024-076
6e7dbu3mxgpfhr4r5rp8pi9p,0.812586,30-49,4-yr/post-graduate degree,Hispanic,Male,Independent,West,Very accurate,Not very trustworthy,Very important,Not likely,Maybe,Not very likely,It would not interest me,No,FALSE,FALSE,FALSE,339,2025-06-18,2024-076
sxkyi1hqunp7rd5ho0fsh3t0,0.99604,65+,4-yr/post-graduate degree,Black,Female,Independent,West,Somewhat accurate,Somewhat trustworthy,Somewhat important,Very likely,Maybe,Likely,It would be one I would likely choose,Yes,FALSE,FALSE,FALSE,282,2025-06-25,2024-076
un9w9pvui2r5aezx70l5rg2k,1.401484,18-29,4-yr/post-graduate degree,Hispanic,Female,Independent,West,Not at all accurate,Somewhat trustworthy,Somewhat important,Not likely,Yes,Not at all likely,It would become my preferred incentive offer,Yes,FALSE,FALSE,FALSE,270,2025-06-19,2024-076
89qjll6s1regqihxvosjz001,1.431809,50-64,HS or less,White,Female,Democrat,South,Somewhat accurate,Somewhat trustworthy,Somewhat important,Not likely,Yes,Not very likely,It would not interest me,It depends on who is asking,FALSE,FALSE,TRUE,269,2025-07-04,2024-076
wb2uyeyro1uqyfmu0p43k3xq,0.624404,18-29,Some college/2-yr degree,White,Male,Republican,Northeast,Somewhat accurate,Not at all trustworthy,Very important,Somewhat likely,Yes,Not very likely,It would become my preferred incentive offer,It depends on who is asking,TRUE,FALSE,FALSE,350,2025-07-05,2024-076
jy9iemk80qkxaqlgtimqkp0q,1.354858,30-49,Some college/2-yr degree,White,Female,Democrat,West,Somewhat accurate,Somewhat trustworthy,Not very important,Not likely,No,Likely,It would become my preferred incentive offer,It depends on who is asking,FALSE,FALSE,FALSE,380,2025-07-04,2024-076
onj32n8ryvy6cnza8hr47mgw,0.533512,30-49,Some college/2-yr degree,White,Female,Independent,Midwest,Very accurate,Not very trustworthy,Somewhat important,I would never participate in a phone survey,Maybe,Not very likely,It would be one I would likely choose,Yes,TRUE,FALSE,FALSE,242,2025-07-14,2024-076
jw4s765kad2gmr8z9memgl4c,0.692861,30-49,HS or less,White,Female,Other or none,South,Somewhat accurate,Not at all trustworthy,Extremely important,I would never participate in a phone survey,Maybe,Not very likely,It would not interest me,It depends on who is asking,FALSE,FALSE,FALSE,358,2025-06-18,2024-076
vteiec2ncvbuso44q373l7f3,0.599577,50-64,4-yr/post-graduate degree,White,Female,Democrat,South,Somewhat accurate,Not very trustworthy,Very important,Somewhat likely,Yes,Not at all likely,It would become my preferred incentive offer,Yes,FALSE,FALSE,FALSE,348,2025-06-19,2024-076
cbzm0j1rua7gx8rlx1tr1yf2,1.050149,30-49,HS or less,White,Male,Independent,Midwest,Not very accurate,Not at all trustworthy,Somewhat important,I would never participate in a phone survey,No,Very likely,It would be one I would likely choose,No,FALSE,FALSE,FALSE,451,2025-07-10,2024-076
ul3l2noc3qcio3lt1eda7ix8,1.100959,50-64,Some college/2-yr degree,White,Male,Democrat,West,Not very accurate,Somewhat trustworthy,Very important,Somewhat likely,Yes,Not at all likely,It would become my preferred incentive offer,It depends on who is asking,FALSE,FALSE,FALSE,347,2025-07-07,2024-076
wne2x2652sgmngxfp40gfsmf,0.345376,50-64,Some college/2-yr degree,Black,Male,Democrat,Northeast,Somewhat accurate,Not very trustworthy,Somewhat important,Not likely,Maybe,Likely,It would be one I would likely choose,It depends on who is asking,FALSE,FALSE,FALSE,444,2025-06-30,2024-076
ixk0vi062ehxq2ejt71sxp43,1.312616,30-49,Some college/2-yr degree,Other,Male,Independent,Northeast,Not at all accurate,Not very trustworthy,Somewhat important,Not likely,Maybe,Likely,It would become my preferred incentive offer,No,FALSE,FALSE,FALSE,216,2025-06-20,2024-076
ld0gh6lso0dwszuxi3eb4ofq,0.689807,65+,HS or less,White,Female,Independent,South,Not at all accurate,Somewhat trustworthy,Somewhat important,Not likely,Maybe,Very likely,It would become my preferred incentive offer,It depends on who is asking,FALSE,FALSE,FALSE,390,2025-06-21,2024-076
9wdqb1e8w9ny9zbgfuue7nq5,1.081082,30-49,Some college/2-yr degree,Black,Male,Democrat,West,Not very accurate,Somewhat trustworthy,Not very important,Somewhat likely,Maybe,Very likely,It would be one I would likely choose,No,FALSE,FALSE,FALSE,402,2025-06-22,2024-076
a1gto8tqleku1ktw2sczj1p0,0.890508,30-49,HS or less,Hispanic,Male,Democrat,South,Not at all accurate,Somewhat trustworthy,Somewhat important,Very likely,Yes,Very likely,It would not interest me,No,FALSE,FALSE,FALSE,363,2025-07-07,2024-076
nersgsbw1auaqtmx0qp427sk,0.785322,18-29,HS or less,White,Female,Republican,Midwest,Somewhat accurate,Somewhat trustworthy,Not at all important,Very likely,No,Likely,It would become my preferred incentive offer,Yes,TRUE,TRUE,FALSE,60,2025-07-10,2024-076
x1wkap2ean6p9bmphb7pttmj,1.099269,50-64,4-yr/post-graduate degree,Hispanic,Male,Independent,Northeast,Somewhat accurate,Somewhat trustworthy,Somewhat important,Very likely,Yes,Very likely,It would not interest me,It depends on who is asking,FALSE,FALSE,FALSE,474,2025-07-11,2024-076
x1qdyhth85uu4seftv05e8ht,0.819951,18-29,HS or less,Hispanic,Female,Republican,West,Not very accurate,Very trustworthy,Not at all important,Not likely,Yes,Not very likely,It would be one I would likely choose,No,FALSE,FALSE,FALSE,259,2025-06-27,2024-076
7r8qq5na9su3u9gt5bfgd8xj,1.190702,18-29,Some college/2-yr degree,Other,Male,Democrat,South,Not very accurate,Not very trustworthy,Somewhat important,Not likely,No,Not very likely,It would become my preferred incentive offer,It depends on who is asking,FALSE,FALSE,FALSE,404,2025-06-17,2024-076
6o6chaew2q58eg3cackhlnzj,1.109494,30-49,HS or less,Black,Female,Republican,Midwest,Not very accurate,Somewhat trustworthy,Somewhat important,Very likely,Maybe,Likely,It would not interest me,It depends on who is asking,FALSE,FALSE,FALSE,301,2025-06-19,2024-076
fo58ylze5f9l7crrkpcxl0mi,1.290344,50-64,4-yr/post-graduate degree,White,Female,Other or none,Midwest,Somewhat accurate,Somewhat trustworthy,Somewhat important,Somewhat likely,Yes,Not very likely,It would be one I would likely choose,It depends on who is asking,FALSE,FALSE,FALSE,421,2025-06-21,2024-076
hjbueqtpimncg4194nd88b58,1.136921,50-64,Some college/2-yr degree,White,Female,Democrat,West,Very accurate,Somewhat trustworthy,Somewhat important,Somewhat likely,No,Not very likely,It would become my preferred incentive offer,Yes,FALSE,TRUE,FALSE,135,2025-06-30,2024-076
nxiqpqi3eq1z1pk3yazvwi0l,1.422566,18-29,Some college/2-yr degree,White,Female,Independent,Midwest,Somewhat accurate,Somewhat trustworthy,Not very important,Not likely,Yes,Not at all likely,It would be one I would likely choose,It depends on who is asking,FALSE,FALSE,FALSE,160,2025-07-06,2024-076
5vk41o7y7c11x9gzr4uniyw3,0.928625,50-64,Some college/2-yr degree,Hispanic,Male,Independent,Midwest,Somewhat accurate,Not very trustworthy,Not at all important,I would never participate in a phone survey,Yes,Not very likely,It would not interest me,Yes,FALSE,FALSE,TRUE,513,2025-07-06,2024-076
4xipmmnc3hakbp1btpf1y6v5,0.443025,30-49,HS or less,White,Male,Democrat,West,Somewhat accurate,Somewhat trustworthy,Somewhat important,Not likely,No,Likely,It would be one I would likely choose,Yes,FALSE,FALSE,FALSE,314,2025-07-12,2024-076
qbr64quw3eh17zuw6m972m8k,0.953235,18-29,HS or less,White,Female,Independent,South,Somewhat accurate,Very trustworthy,Not very important,Very likely,Yes,Not very likely,It would be one I would likely choose,No,TRUE,TRUE,FALSE,115,2025-07-11,2024-076
yofrg1a5kwfnbpp9sgbbukdc,0.898815,30-49,HS or less,White,Female,Democrat,South,Somewhat accurate,Somewhat trustworthy,Somewhat important,Not likely,Maybe,Not at all likely,It would be one I would likely choose,It depends on who is asking,FALSE,FALSE,FALSE,382,2025-07-09,2024-076
mzyc4zcucquzp66qjxyldvqo,0.552437,30-49,Some college/2-yr degree,White,Female,Democrat,South,Not very accurate,Very trustworthy,Very important,Somewhat likely,Maybe,Not very likely,It would be one I would likely choose,Yes,FALSE,FALSE,FALSE,333,2025-07-04,2024-076
9ameaewmmd687bttjrfpdjks,1.302094,30-49,Some college/2-yr degree,White,Female,Democrat,Northeast,Somewhat accurate,Somewhat trustworthy,Very important,Somewhat likely,Yes,Likely,It would not interest me,Yes,FALSE,FALSE,FALSE,424,2025-07-09,2024-076
qnr4o769vcxg4es0wgstwoxk,1.146282,30-49,HS or less,Black,Female,Republican,Northeast,Somewhat accurate,Somewhat trustworthy,Somewhat important,Not likely,Yes,Very likely,It would become my preferred incentive offer,No,FALSE,FALSE,FALSE,464,2025-07-10,2024-076
c3xb4pc7oxilkqv81ayqh35q,0.735646,65+,4-yr/post-graduate degree,Hispanic,Female,Republican,West,Very accurate,Somewhat trustworthy,Not very important,Not likely,No,Not very likely,It would be one I would likely choose,It depends on who is asking,FALSE,FALSE,FALSE,320,2025-06-19,2024-076
iqys3l8j24ma29e2x0run9r5,1.101475,30-49,HS or less,Other,Female,Republican,South,Somewhat accurate,Not very trustworthy,Somewhat important,Not likely,Maybe,Not very likely,It would be one I would likely choose,It depends on who is asking,FALSE,FALSE,TRUE,316,2025-06-29,2024-076
mao09d9z2emykib892zfi7j0,1.148707,30-49,HS or less,White,Female,Republican,West,Very accurate,Somewhat trustworthy,Somewhat important,Not likely,Yes,Not very likely,It would not interest me,Yes,FALSE,FALSE,FALSE,395,2025-07-05,2024-076
ge7fmqqg3y4k8lqvj9jtfg8c,1.387114,18-29,HS or less,White,Female,Republican,Northeast,Somewhat accurate,Somewhat trustworthy,Very important,Somewhat likely,No,Likely,It would become my preferred incentive offer,Yes,FALSE,FALSE,FALSE,160,2025-06-30,2024-076
099e4kablpqlthphggvz02xw,0.640507,65+,4-yr/post-graduate degree,Hispanic,Female,Republican,Northeast,Not very accurate,Very trustworthy,Very important,Not likely,Maybe,Not at all likely,It would be one I would likely choose,No,FALSE,FALSE,FALSE,333,2025-06-30,2024-076
oz6bo7pt425roz6v6wyv7auw,0.37587,30-49,HS or less,White,Male,Democrat,South,Not very accurate,Somewhat trustworthy,Not at all important,Not likely,Yes,Not very likely,It would become my preferred incentive offer,No,TRUE,FALSE,FALSE,313,2025-06-17,2024-076
q5w247624fa5uhhj5dtn7fni,1.454094,50-64,HS or less,White,Female,Democrat,South,Somewhat accurate,Not very trustworthy,Somewhat important,I would never participate in a phone survey,Yes,Likely,It would be one I would likely choose,Yes,FALSE,FALSE,FALSE,447,2025-07-07,2024-076
w63f1z0mhytnozpm800x5vs7,1.055197,65+,Some college/2-yr degree,White,Male,Republican,Northeast,Not very accurate,Somewhat trustworthy,Somewhat important,Somewhat likely,Yes,Not very likely,It would become my preferred incentive offer,No,FALSE,FALSE,FALSE,411,2025-07-03,2024-076
8h9zp2cazz0ejl2i4zcvjm9s,1.139891,30-49,HS or less,Hispanic,Male,Democrat,West,Somewhat accurate,Not at all trustworthy,Very important,Not likely,Maybe,Not very likely,It would be one I would likely choose,No,FALSE,FALSE,FALSE,274,2025-07-08,2024-076
i6z6ivontipi40yw0x4b9wsb,0.911469,65+,4-yr/post-graduate degree,White,Male,Independent,Northeast,Not very accurate,Somewhat trustworthy,Somewhat important,I would never participate in a phone survey,Maybe,Not at all likely,It would be one I would likely choose,It depends on who is asking,FALSE,FALSE,FALSE,382,2025-06-24,2024-076
kujam48zc92kurejf7fxfdve,1.5464,65+,4-yr/post-graduate degree,Black,Male,Republican,South,Somewhat accurate,Very trustworthy,Not very important,Very likely,Maybe,Not very likely,It would not interest me,Yes,FALSE,FALSE,FALSE,360,2025-07-17,2024-076
h1z5le7x484vfwj871udxhh4,0.766633,30-49,Some college/2-yr degree,Hispanic,Male,Republican,South,Not very accurate,Not very trustworthy,Not at all important,I would never participate in a phone survey,Yes,Very likely,It would be one I would likely choose,No,FALSE,FALSE,FALSE,359,2025-06-24,2024-076
uprrjkrykl78tq7tri5z56wd,0.671235,50-64,HS or less,White,Female,Independent,South,Very accurate,Very trustworthy,Extremely important,Very likely,No,Not very likely,It would be one I would likely choose,Yes,FALSE,FALSE,FALSE,368,2025-07-14,2024-076
hit9yd411adxxxcdbgbbvhyz,1.435955,30-49,HS or less,Hispanic,Male,Independent,West,Not at all accurate,Not very trustworthy,Extremely important,Very likely,Yes,Likely,It would become my preferred incentive offer,It depends on who is asking,FALSE,FALSE,FALSE,367,2025-07-03,2024-076
aqf2d4tudnu4cif8lqy8ismg,0.828868,18-29,Some college/2-yr degree,White,Female,Republican,West,Not at all accurate,Somewhat trustworthy,Very important,Not likely,Maybe,Very likely,It would not interest me,Yes,FALSE,FALSE,FALSE,352,2025-06-30,2024-076
czujg5wtr2ekwgzbdilqh6ku,0.811772,65+,4-yr/post-graduate degree,White,Female,Republican,South,Somewhat accurate,Somewhat trustworthy,Somewhat important,Not likely,Yes,Not at all likely,It would become my preferred incentive offer,Yes,FALSE,FALSE,FALSE,176,2025-06-17,2024-076
i6d9g7ze4a8zgwhbm6wmgr06,0.959152,65+,Some college/2-yr degree,White,Female,Independent,Northeast,Not very accurate,Somewhat trustworthy,Not very important,Somewhat likely,Yes,Likely,It would be one I would likely choose,It depends on who is asking,FALSE,FALSE,FALSE,512,2025-06-20,2024-076
dfbgqt00na7dt3ul6cprv5uz,0.930944,50-64,4-yr/post-graduate degree,Other,Female,Democrat,Midwest,Somewhat accurate,Somewhat trustworthy,Somewhat important,Very likely,Yes,Not very likely,It would be one I would likely choose,No,FALSE,FALSE,TRUE,536,2025-07-10,2024-076
2iaodsgoxoh64p2ckkf6dpin,1.390863,18-29,4-yr/post-graduate degree,Hispanic,Female,Republican,Northeast,Not very accurate,Somewhat trustworthy,Very important,Not likely,Yes,Likely,It would become my preferred incentive offer,No,FALSE,FALSE,TRUE,305,2025-07-09,2024-076
zg0qbn9i0omljkt2vqtz5hac,0.641641,50-64,Some college/2-yr degree,Other,Female,Independent,South,Very accurate,Somewhat trustworthy,Not very important,I would never participate in a phone survey,Maybe,Very likely,It would become my preferred incentive offer,It depends on who is asking,FALSE,FALSE,FALSE,345,2025-07-07,2024-076
vea6v7ic8vq5h57juar69fsp,0.742267,30-49,4-yr/post-graduate degree,White,Female,Democrat,South,Very accurate,Not at all trustworthy,Somewhat important,Not likely,Maybe,Not very likely,It would be one I would likely choose,Yes,FALSE,FALSE,FALSE,390,2025-07-10,2024-076
boahe9o738wxo1aiwdm445j7,1.836136,50-64,4-yr/post-graduate degree,Hispanic,Male,Independent,South,Not very accurate,Very trustworthy,Not at all important,Somewhat likely,Yes,Not very likely,It would be one I would likely choose,Yes,FALSE,FALSE,FALSE,238,2025-07-16,2024-076
ljh6062yypmwbpx01uoshtmu,1.253075,65+,4-yr/post-graduate degree,White,Female,Republican,West,Not very accurate,Very trustworthy,Somewhat important,Not likely,Yes,Not at all likely,It would be one I would likely choose,Yes,FALSE,FALSE,FALSE,316,2025-06-22,2024-076
39hffs7202tkdhkvbvs6uzap,0.952192,50-64,Some college/2-yr degree,White,Male,Democrat,Midwest,Very accurate,Very trustworthy,Not very important,Not likely,Yes,Very likely,It would become my preferred incentive offer,Yes,FALSE,FALSE,FALSE,364,2025-06-27,2024-076
hztgm0lgmkhp4uykg7v45i74,0.875093,65+,Some college/2-yr degree,Hispanic,Male,Democrat,Northeast,Not very accurate,Somewhat trustworthy,Very important,Not likely,Maybe,Very likely,It would be one I would likely choose,No,TRUE,TRUE,FALSE,130,2025-07-06,2024-076
3e9rydai57h84sx8jetfsoxg,0.927358,50-64,Some college/2-yr degree,Other,Female,Independent,West,Not very accurate,Somewhat trustworthy,Not very important,Somewhat likely,Maybe,Not very likely,It would be one I would likely choose,It depends on who is asking,FALSE,FALSE,FALSE,336,2025-07-14,2024-076
c9l1ctm3hsiaeakcaj0air6a,1.107664,50-64,HS or less,White,Male,Republican,South,Not very accurate,Somewhat trustworthy,Somewhat important,Not likely,Maybe,Not very likely,It would not interest me,It depends on who is asking,FALSE,FALSE,FALSE,409,2025-06-29,2024-076
r9xb01923r2lker8auq7nf4w,0.754092,50-64,Some college/2-yr degree,Hispanic,Female,Republican,West,Not very accurate,Somewhat trustworthy,Not at all important,Not likely,Maybe,Likely,It would become my preferred incentive offer,It depends on who is asking,FALSE,TRUE,FALSE,114,2025-07-04,2024-076
2cvax60xc79ucxwhp7i6kkct,1.081959,30-49,Some college/2-yr degree,Hispanic,Male,Democrat,South,Not at all accurate,Not very trustworthy,Somewhat important,Not likely,Maybe,Not very likely,It would not interest me,It depends on who is asking,FALSE,FALSE,FALSE,268,2025-07-04,2024-076
a2g6mq3c7t1en8z7l1ktkot3,1.10488,65+,4-yr/post-graduate degree,Hispanic,Male,Independent,South,Not very accurate,Somewhat trustworthy,Not very important,Not likely,Maybe,Likely,It would become my preferred incentive offer,Yes,FALSE,FALSE,FALSE,399,2025-07-05,2024-076
ypxymqgsgxs1h62snbgk4dzg,0.586105,50-64,Some college/2-yr degree,White,Male,Republican,West,Very accurate,Very trustworthy,Very important,I would never participate in a phone survey,Maybe,Very likely,It would become my preferred incentive offer,It depends on who is asking,FALSE,FALSE,FALSE,302,2025-07-17,2024-076
qqkmuva1th08jn0d9q9ytiu0,0.799661,30-49,4-yr/post-graduate degree,White,Male,Democrat,West,Somewhat accurate,Somewhat trustworthy,Somewhat important,I would never participate in a phone survey,Yes,Very likely,It would be one I would likely choose,It depends on who is asking,FALSE,FALSE,FALSE,324,2025-07-15,2024-076
7pj7o3e7s41jfcogxoqckno2,0.751448,50-64,4-yr/post-graduate degree,Black,Other,Independent,South,Very accurate,Somewhat trustworthy,Somewhat important,Not likely,Yes,Not very likely,It would not interest me,It depends on who is asking,FALSE,FALSE,FALSE,339,2025-06-30,2024-076
y5ajlius2nua8nbxba4cjn8x,0.98987,18-29,Some college/2-yr degree,White,Male,Republican,Midwest,Not at all accurate,Somewhat trustworthy,Not very important,Very likely,Maybe,Not very likely,It would not interest me,Yes,FALSE,FALSE,FALSE,390,2025-07-13,2024-076
4picf37habh5gre6zv9xok66,1.057427,65+,Some college/2-yr degree,Hispanic,Female,Democrat,Midwest,Somewhat accurate,Somewhat trustworthy,Not very important,I would never participate in a phone survey,Yes,Not at all likely,It would be one I would likely choose,It depends on who is asking,FALSE,FALSE,FALSE,526,2025-06-17,2024-076
4ob98j0vsihsnfdic2g6lyub,1.00476,30-49,4-yr/post-graduate degree,White,Male,Other or none,West,Very accurate,Somewhat trustworthy,Very important,Somewhat likely,Maybe,Not at all likely,It would be one I would likely choose,It depends on who is asking,FALSE,FALSE,FALSE,546,2025-06-25,2024-076
8v80betb79er4aj0w6gv03ce,1.129043,50-64,Some college/2-yr degree,White,Female,Republican,Midwest,Not very accurate,Somewhat trustworthy,Not very important,Not likely,Yes,Very likely,It would become my preferred incentive offer,It depends on who is asking,FALSE,FALSE,FALSE,343,2025-06-22,2024-076
lpd3at0xvroztgrdj2jqfxl1,0.199326,30-49,4-yr/post-graduate degree,Black,Female,Republican,Northeast,Not at all accurate,Somewhat trustworthy,Very important,Somewhat likely,No,Very likely,It would be one I would likely choose,It depends on who is asking,FALSE,FALSE,FALSE,252,2025-07-03,2024-076
8n07r6mcgso0sjqjugyirr8h,1.087875,30-49,4-yr/post-graduate degree,Other,Male,Other or none,South,Somewhat accurate,Somewhat trustworthy,Very important,Somewhat likely,Yes,Not very likely,It would not interest me,Yes,FALSE,FALSE,FALSE,260,2025-07-01,2024-076
s12pi7i0511e03rruh1ybow6,0.593077,30-49,HS or less,White,Female,Republican,Northeast,Somewhat accurate,Not very trustworthy,Somewhat important,Not likely,No,Likely,It would not interest me,It depends on who is asking,FALSE,FALSE,TRUE,392,2025-06-22,2024-076
wxiahgs9lts30k7j1jhupvlw,0.883532,30-49,HS or less,Hispanic,Female,Republican,South,Very accurate,Somewhat trustworthy,Very important,I would never participate in a phone survey,No,Very likely,It would become my preferred incentive offer,It depends on who is asking,FALSE,FALSE,FALSE,368,2025-07-11,2024-076
63jh8kimv5v35qqxlylh0ax5,0.886819,30-49,4-yr/post-graduate degree,White,Male,Democrat,South,Somewhat accurate,Very trustworthy,Extremely important,Not likely,Yes,Not very likely,It would become my preferred incentive offer,It depends on who is asking,FALSE,FALSE,FALSE,366,2025-06-25,2024-076
87okjki707pbn82nddhcejtf,0.680892,65+,HS or less,Other,Female,Democrat,South,Somewhat accurate,Not very trustworthy,Somewhat important,Very likely,Yes,Not very likely,It would not interest me,It depends on who is asking,FALSE,FALSE,FALSE,341,2025-06-20,2024-076
veuhaowjaf8q2av1lzwkgher,0.710764,65+,Some college/2-yr degree,Hispanic,Female,Republican,Midwest,Not very accurate,Somewhat trustworthy,Not very important,Not likely,Yes,Likely,It would be one I would likely choose,Yes,FALSE,FALSE,FALSE,300,2025-07-02,2024-076
g202dtcd0h6mzue8xcp5pege,0.856663,65+,4-yr/post-graduate degree,White,Male,Independent,South,Not at all accurate,Not very trustworthy,Very important,Somewhat likely,No,Not very likely,It would not interest me,No,FALSE,FALSE,FALSE,241,2025-07-04,2024-076
8qtkxoqu7667iom76vzy9isd,0.968492,50-64,Some college/2-yr degree,White,Female,Democrat,West,Not very accurate,Somewhat trustworthy,Extremely important,Somewhat likely,Yes,Not at all likely,It would be one I would likely choose,No,FALSE,FALSE,FALSE,268,2025-07-14,2024-076
11nm98e6678w1b8x5rvkx9gk,0.585895,30-49,HS or less,White,Female,Republican,West,Somewhat accurate,Not very trustworthy,Somewhat important,Very likely,Maybe,Not at all likely,It would be one I would likely choose,It depends on who is asking,FALSE,FALSE,TRUE,240,2025-06-30,2024-076
zklsreds06pecaaqm7abqr0q,0.853543,18-29,4-yr/post-graduate degree,Other,Male,Republican,West,Somewhat accurate,Not very trustworthy,Very important,Not likely,Yes,Not very likely,It would become my preferred incentive offer,It depends on who is asking,FALSE,TRUE,FALSE,110,2025-07-16,2024-076
07rhlblzx2y83vfoa2bj9kk9,0.870119,18-29,HS or less,White,Female,Democrat,Northeast,Very accurate,Somewhat trustworthy,Not at all important,Not likely,Maybe,Likely,It would be one I would likely choose,It depends on who is asking,FALSE,TRUE,FALSE,137,2025-07-12,2024-076
3x24io33h68igpxb8f2a682c,1.149763,65+,4-yr/post-graduate degree,White,Female,Democrat,South,Not very accurate,Not very trustworthy,Somewhat important,Somewhat likely,Maybe,Likely,It would be one I would likely choose,No,FALSE,FALSE,FALSE,291,2025-07-04,2024-076
o00vw6hrjhq9e2e5x0eb1msm,1.179408,30-49,HS or less,White,Male,Democrat,South,Somewhat accurate,Somewhat trustworthy,Not at all important,I would never participate in a phone survey,Maybe,Not very likely,It would not interest me,It depends on who is asking,TRUE,FALSE,FALSE,343,2025-07-06,2024-076
jb0taerme4uifm2rvpydlyuy,1.476488,50-64,HS or less,White,Male,Democrat,Northeast,Not very accurate,Somewhat trustworthy,Somewhat important,Somewhat likely,No,Very likely,It would not interest me,It depends on who is asking,FALSE,FALSE,FALSE,267,2025-07-12,2024-076
rvo83s08ugqvu576pgocjggk,0.7521,50-64,4-yr/post-graduate degree,White,Male,Democrat,West,Somewhat accurate,Very trustworthy,Very important,Somewhat likely,Yes,Not very likely,It would be one I would likely choose,No,TRUE,TRUE,FALSE,105,2025-06-28,2024-076
jmtxvrcbtnk1zyp5zq3l9i7v,1.55476,65+,Some college/2-yr degree,White,Female,Independent,South,Not very accurate,Somewhat trustworthy,Extremely important,Not likely,No,Not at all likely,It would be one I would likely choose,It depends on who is asking,FALSE,FALSE,FALSE,453,2025-06-18,2024-076
m1gv2pjbq2bmrpa81g6r9owr,0.76424,30-49,4-yr/post-graduate degree,White,Female,Democrat,South,Not very accurate,Very trustworthy,Not at all important,Very likely,Maybe,Not very likely,It would be one I would likely choose,No,FALSE,FALSE,FALSE,345,2025-07-02,2024-076
qiio0senl3hdkmxklknyb1qs,0.626019,50-64,4-yr/post-graduate degree,White,Male,Republican,Northeast,Somewhat accurate,Somewhat trustworthy,Not very important,Somewhat likely,No,Not very likely,It would become my preferred incentive offer,Yes,FALSE,FALSE,FALSE,396,2025-06-17,2024-076
gyssyxv9r9ld4h87akne8hr9,0.780562,50-64,HS or less,White,Male,Democrat,Midwest,Somewhat accurate,Not at all trustworthy,Somewhat important,Very likely,Yes,Not very likely,It would be one I would likely choose,It depends on who is asking,TRUE,FALSE,FALSE,429,2025-07-15,2024-076
esbgg2u43dfreyszqa9ijd23,0.978464,30-49,4-yr/post-graduate degree,Hispanic,Male,Independent,South,Very accurate,Not at all trustworthy,Not very important,Not likely,Yes,Not at all likely,It would be one I would likely choose,Yes,FALSE,FALSE,FALSE,265,2025-07-15,2024-076
ijg9v9klmef70qhgtjdoe4oj,1.131619,50-64,Some college/2-yr degree,White,Male,Democrat,South,Somewhat accurate,Somewhat trustworthy,Not at all important,Not likely,Maybe,Likely,It would be one I would likely choose,No,FALSE,FALSE,FALSE,355,2025-07-04,2024-076
6ulcqr48g5hfcxktgad1ow3q,1.388554,65+,Some college/2-yr degree,White,Male,Independent,Northeast,Somewhat accurate,Somewhat trustworthy,Not very important,Not likely,Maybe,Not at all likely,It would be one I would likely choose,It depends on who is asking,FALSE,FALSE,FALSE,447,2025-07-08,2024-076
ch8ja2n0wmk79oc8v2tf8nyc,1.058131,50-64,HS or less,White,Female,Independent,Northeast,Somewhat accurate,Somewhat trustworthy,Very important,Not likely,No,Not very likely,It would be one I would likely choose,It depends on who is asking,FALSE,FALSE,FALSE,327,2025-07-04,2024-076
6lby5lbiwqiswyfzu1rrvpvj,1.399232,30-49,HS or less,Black,Female,Democrat,South,Somewhat accurate,Not very trustworthy,Somewhat important,Not likely,No,Not very likely,It would become my preferred incentive offer,It depends on who is asking,FALSE,FALSE,FALSE,451,2025-07-11,2024-076
ko786c95s6wp5dj9y5k1f0vm,0.946068,30-49,HS or less,White,Female,Independent,South,Somewhat accurate,Not very trustworthy,Somewhat important,Somewhat likely,No,Very likely,It would be one I would likely choose,It depends on who is asking,FALSE,FALSE,FALSE,331,2025-06-27,2024-076
kluw1zm5c9smiybh1fmpkubu,1.476858,65+,Some college/2-yr degree,White,Female,Republican,South,Very accurate,Not very trustworthy,Not at all important,Very likely,Maybe,Likely,It would become my preferred incentive offer,It depends on who is asking,FALSE,FALSE,FALSE,323,2025-07-09,2024-076
85xe4n6fdbz1ula5n322yllo,-0.131961,18-29,Some college/2-yr degree,White,Male,Republican,West,Not at all accurate,Not very trustworthy,Very important,Very likely,No,Very likely,It would become my preferred incentive offer,It depends on who is asking,FALSE,TRUE,FALSE,99,2025-07-01,2024-076
ac9bugw8lt5omi44wb0v8iti,0.819662,65+,HS or less,White,Male,Independent,South,Not at all accurate,Somewhat trustworthy,Very important,I would never participate in a phone survey,No,Likely,It would become my preferred incentive offer,No,FALSE,FALSE,FALSE,296,2025-07-04,2024-076
0w12nvecg8s5p2viwafzpxfg,0.499757,18-29,4-yr/post-graduate degree,Black,Female,Democrat,Northeast,Not very accurate,Not at all trustworthy,Somewhat important,I would never participate in a phone survey,No,Likely,It would not interest me,Yes,FALSE,FALSE,FALSE,322,2025-07-10,2024-076
nn54fk6ngdy1ojmm3c8n6742,1.184241,30-49,4-yr/post-graduate degree,White,Male,Independent,South,Not very accurate,Somewhat trustworthy,Somewhat important,Not likely,No,Very likely,It would be one I would likely choose,It depends on who is asking,TRUE,FALSE,FALSE,342,2025-07-12,2024-076
63to2ftskyy8uj8l00dwi4v7,1.09,50-64,Some college/2-yr degree,White,Male,Independent,West,Not at all accurate,Somewhat trustworthy,Not very important,Somewhat likely,No,Not very likely,It would be one I would likely choose,Yes,FALSE,FALSE,TRUE,243,2025-06-20,2024-076
bxz0glmdc74ooshk9uk1242o,1.107681,30-49,HS or less,White,Female,Democrat,West,Not very accurate,Somewhat trustworthy,Somewhat important,I would never participate in a phone survey,Yes,Not very likely,It would be one I would likely choose,It depends on who is asking,FALSE,FALSE,FALSE,141,2025-06-26,2024-076
nxr962ipnexjj1f0z6yqhffp,1.395005,50-64,4-yr/post-graduate degree,White,Female,Democrat,South,Not very accurate,Not very trustworthy,Somewhat important,Very likely,Maybe,Very likely,It would be one I would likely choose,No,FALSE,FALSE,FALSE,403,2025-07-09,2024-076
etcylhd6p6mvlw2xlqb8eouo,1.47809,65+,HS or less,White,Female,Democrat,South,Somewhat accurate,Very trustworthy,Not very important,Not likely,Yes,Not at all likely,It would be one I would likely choose,It depends on who is asking,TRUE,TRUE,FALSE,199,2025-07-08,2024-076
kqd2hmqq9fdq7o67yew2pzwd,0.785493,50-64,4-yr/post-graduate degree,White,Male,Democrat,South,Not at all accurate,Somewhat trustworthy,Somewhat important,Somewhat likely,Yes,Not very likely,It would be one I would likely choose,It depends on who is asking,FALSE,FALSE,FALSE,358,2025-07-13,2024-076
trqbetvdoup66erjsz53u7ma,1.726363,65+,Some college/2-yr degree,White,Male,Republican,West,Very accurate,Not very trustworthy,Not very important,Not likely,Maybe,Very likely,It would become my preferred incentive offer,Yes,FALSE,FALSE,FALSE,180,2025-07-11,2024-076
cqfh4nsgsp3e9mftfq7rvdpq,1.108577,18-29,4-yr/post-graduate degree,Hispanic,Female,Democrat,South,Somewhat accurate,Somewhat trustworthy,Very important,Not likely,Maybe,Not at all likely,It would be one I would likely choose,It depends on who is asking,TRUE,FALSE,FALSE,474,2025-06-24,2024-076
sump1fzq41stpgtw972lxaak,1.525107,65+,HS or less,Black,Male,Democrat,West,Somewhat accurate,Somewhat trustworthy,Somewhat important,Not likely,No,Very likely,It would be one I would likely choose,It depends on who is asking,FALSE,FALSE,FALSE,276,2025-06-18,2024-076
5pxftbbpilr0n2y8d0fukpxq,1.429137,65+,HS or less,Other,Female,Democrat,Midwest,Somewhat accurate,Not very trustworthy,Extremely important,Very likely,Yes,Not very likely,It would be one I would likely choose,Yes,FALSE,FALSE,FALSE,287,2025-07-01,2024-076
wu27nm6ft7u6y0gnei6m0hew,1.138973,65+,Some college/2-yr degree,Hispanic,Female,Republican,South,Somewhat accurate,Very trustworthy,Very important,Somewhat likely,No,Likely,It would not interest me,It depends on who is asking,FALSE,FALSE,FALSE,323,2025-06-26,2024-076
p7wz740ekgv5pn14owigyled,0.899104,50-64,Some college/2-yr degree,Black,Male,Independent,West,Not very accurate,Somewhat trustworthy,Somewhat important,Somewhat likely,Yes,Likely,It would be one I would likely choose,Yes,FALSE,FALSE,FALSE,380,2025-07-16,2024-076
bk8631nzp6diyf94mlrklfj4,0.727435,30-49,HS or less,White,Male,Independent,South,Somewhat accurate,Somewhat trustworthy,Not very important,I would never participate in a phone survey,Yes,Not very likely,It would not interest me,No,FALSE,FALSE,FALSE,370,2025-06-20,2024-076
ck9g4zq35goxzwtlqdb649b0,1.110048,30-49,Some college/2-yr degree,Black,Female,Republican,South,Somewhat accurate,Somewhat trustworthy,Very important,Not likely,Yes,Not very likely,It would be one I would likely choose,It depends on who is asking,FALSE,FALSE,FALSE,344,2025-06-30,2024-076
myxmw1kh5rzau1clvokzkb5h,0.891119,50-64,HS or less,White,Female,Independent,West,Not at all accurate,Very trustworthy,Somewhat important,Not likely,Yes,Likely,It would be one I would likely choose,It depends on who is asking,FALSE,FALSE,FALSE,215,2025-07-14,2024-076
fwgf3aj9ylgzctr0d2e4e6mg,0.90134,18-29,4-yr/post-graduate degree,Black,Male,Independent,Midwest,Not very accurate,Not at all trustworthy,Somewhat important,Somewhat likely,No,Not at all likely,It would become my preferred incentive offer,Yes,FALSE,FALSE,TRUE,353,2025-07-10,2024-076
9fjobb1im00u5y8jmt0vaxbc,0.762488,65+,Some college/2-yr degree,White,Female,Republican,South,Not very accurate,Somewhat trustworthy,Not at all important,Somewhat likely,Maybe,Not at all likely,It would not interest me,Yes,FALSE,FALSE,FALSE,448,2025-07-06,2024-076
eadvh9du4jqnlkulcl3wouf9,0.771483,30-49,4-yr/post-graduate degree,White,Female,Republican,South,Not very accurate,Very trustworthy,Not at all important,Not likely,Maybe,Very likely,It would be one I would likely choose,No,FALSE,FALSE,FALSE,342,2025-07-01,2024-076
ysix0fb1aikg0u1rsltg41uw,1.216921,50-64,Some college/2-yr degree,Hispanic,Male,Democrat,South,Somewhat accurate,Somewhat trustworthy,Somewhat important,Very likely,Yes,Very likely,It would become my preferred incentive offer,Yes,FALSE,FALSE,FALSE,435,2025-07-05,2024-076
c6szks83s67g7tktvy8rb01o,0.747705,30-49,Some college/2-yr degree,White,Male,Republican,West,Somewhat accurate,Not at all trustworthy,Somewhat important,Not likely,Maybe,Not at all likely,It would be one I would likely choose,Yes,TRUE,FALSE,FALSE,241,2025-06-22,2024-076
souugv5gc0oi8xu5hx5ob39s,1.053016,18-29,4-yr/post-graduate degree,Hispanic,Female,Republican,South,Not at all accurate,Not very trustworthy,Very important,I would never participate in a phone survey,Yes,Not very likely,It would not interest me,It depends on who is asking,FALSE,FALSE,FALSE,378,2025-07-13,2024-076
dgjomzqjx7x1dx7ezkamebif,1.288435,30-49,Some college/2-yr degree,White,Female,Independent,Midwest,Somewhat accurate,Not very trustworthy,Somewhat important,Not likely,Maybe,Not very likely,It would be one I would likely choose,It depends on who is asking,FALSE,FALSE,TRUE,129,2025-07-11,2024-076
l8nbohr1pltwsre4979z2mpy,1.1257,30-49,4-yr/post-graduate degree,White,Male,Republican,West,Somewhat accurate,Very trustworthy,Somewhat important,Not likely,Maybe,Very likely,It would be one I would likely choose,No,FALSE,FALSE,FALSE,313,2025-07-03,2024-076
14tkltbkxc5wjuump3xuj4yp,1.525189,65+,Some college/2-yr degree,White,Male,Other or none,West,Somewhat accurate,Somewhat trustworthy,Somewhat important,I would never participate in a phone survey,No,Not at all likely,It would be one I would likely choose,Yes,FALSE,FALSE,FALSE,398,2025-06-17,2024-076
1yerh30cl1jc552d89ob7po0,1.456283,18-29,4-yr/post-graduate degree,Hispanic,Male,Republican,South,Not at all accurate,Very trustworthy,Very important,Very likely,Yes,Likely,It would be one I would likely choose,It depends on who is asking,FALSE,FALSE,FALSE,332,2025-06-28,2024-076
1gn9gj5s8dd2t3m9yshig0oa,1.320563,18-29,4-yr/post-graduate degree,White,Male,Democrat,South,Somewhat accurate,Not very trustworthy,Not at all important,Very likely,Yes,Very likely,It would not interest me,No,FALSE,FALSE,FALSE,342,2025-07-09,2024-076
1nndofvte8kq5nuigab5n6rf,1.030033,18-29,4-yr/post-graduate degree,Black,Male,Democrat,South,Very accurate,Somewhat trustworthy,Very important,Not likely,Yes,Likely,It would be one I would likely choose,It depends on who is asking,FALSE,FALSE,FALSE,398,2025-06-21,2024-076
03fcawryq4jkc3av9we1kn2l,1.226943,30-49,4-yr/post-graduate degree,White,Male,Republican,Midwest,Somewhat accurate,Somewhat trustworthy,Extremely important,Very likely,Yes,Likely,It would not interest me,No,TRUE,FALSE,FALSE,439,2025-06-26,2024-076
q4b3f78twc0gtishga9kca1r,1.311276,50-64,4-yr/post-graduate degree,Hispanic,Female,Independent,South,Somewhat accurate,Somewhat trustworthy,Somewhat important,Somewhat likely,Maybe,Not at all likely,It would be one I would likely choose,Yes,FALSE,FALSE,FALSE,187,2025-06-23,2024-076
gqzuriext440291wogtydqqq,1.42751,30-49,4-yr/post-graduate degree,Hispanic,Female,Republican,South,Not very accurate,Somewhat trustworthy,Somewhat important,Very likely,No,Very likely,It would be one I would likely choose,No,FALSE,FALSE,FALSE,362,2025-07-06,2024-076
ck65xt5llcx3pyripjwxle9e,0.928997,30-49,Some college/2-yr degree,Black,Male,Republican,West,Not very accurate,Not very trustworthy,Very important,Very likely,Maybe,Not at all likely,It would be one I would likely choose,It depends on who is asking,FALSE,FALSE,FALSE,243,2025-06-21,2024-076
t09bz9k30bevuydof8v8xq3q,1.196236,50-64,HS or less,Other,Female,Independent,South,Very accurate,Somewhat trustworthy,Not at all important,Somewhat likely,Maybe,Likely,It would be one I would likely choose,Yes,FALSE,FALSE,FALSE,181,2025-06-25,2024-076
3ewk7y1p01qk80bxtdcxt60p,1.351563,30-49,HS or less,Other,Male,Independent,South,Not very accurate,Very trustworthy,Very important,Somewhat likely,No,Not very likely,It would be one I would likely choose,Yes,FALSE,FALSE,FALSE,441,2025-07-03,2024-076
wzus5jhegj4kgieb1wc7kg7s,1.204556,30-49,4-yr/post-graduate degree,White,Male,Independent,South,Somewhat accurate,Somewhat trustworthy,Very important,Somewhat likely,Maybe,Not very likely,It would not interest me,No,FALSE,FALSE,FALSE,302,2025-06-19,2024-076
4nls1d9aodif8o1n8ys76540,0.913894,30-49,4-yr/post-graduate degree,White,Female,Other or none,South,Not very accurate,Somewhat trustworthy,Extremely important,Not likely,No,Not very likely,It would be one I would likely choose,Yes,FALSE,FALSE,FALSE,236,2025-07-05,2024-076
pq6dyic6a6hn19cgaxi85xv6,0.962228,65+,HS or less,White,Male,Democrat,South,Somewhat accurate,Somewhat trustworthy,Not very important,Somewhat likely,No,Not very likely,It would become my preferred incentive offer,It depends on who is asking,FALSE,FALSE,FALSE,361,2025-07-09,2024-076
72mn0yxv16ve017qanlq39e2,0.674427,50-64,HS or less,Hispanic,Female,Republican,South,Not very accurate,Not very trustworthy,Very important,Not likely,Maybe,Not very likely,It would not interest me,Yes,FALSE,FALSE,FALSE,491,2025-06-22,2024-076
m289vt95wify0p91jdg5k91j,0.977815,18-29,4-yr/post-graduate degree,Black,Female,Democrat,South,Somewhat accurate,Not at all trustworthy,Extremely important,Not likely,No,Not at all likely,It would not interest me,Yes,FALSE,TRUE,FALSE,123,2025-07-08,2024-076
0aqveeai6h8xpcrngb0hyjlu,0.989002,65+,Some college/2-yr degree,Black,Male,Democrat,West,Somewhat accurate,Somewhat trustworthy,Somewhat important,Somewhat likely,Yes,Very likely,It would be one I would likely choose,No,FALSE,TRUE,FALSE,94,2025-06-23,2024-076
bao8v4nqqscs4h43714rq9d7,0.812481,65+,HS or less,Other,Female,Democrat,Midwest,Very accurate,Somewhat trustworthy,Somewhat important,Somewhat likely,Maybe,Not very likely,It would be one I would likely choose,It depends on who is asking,FALSE,FALSE,FALSE,346,2025-07-03,2024-076
hytd665u0hy7gpl5emal8fmc,0.981177,30-49,Some college/2-yr degree,White,Female,Independent,South,Very accurate,Not very trustworthy,Very important,Somewhat likely,No,Not very likely,It would become my preferred incentive offer,It depends on who is asking,FALSE,FALSE,FALSE,325,2025-06-29,2024-076
bqdb08fb0fos2z9uxwj72g22,1.154147,30-49,HS or less,Other,Other,Republican,Midwest,Somewhat accurate,Not very trustworthy,Extremely important,Not likely,Maybe,Likely,It would be one I would likely choose,Yes,FALSE,FALSE,FALSE,411,2025-06-18,2024-076
5qdakggt1eaa52cwjobwq8jo,0.556785,50-64,4-yr/post-graduate degree,Black,Female,Democrat,Northeast,Somewhat accurate,Somewhat trustworthy,Somewhat important,Not likely,No,Not very likely,It would become my preferred incentive offer,No,FALSE,FALSE,FALSE,324,2025-07-03,2024-076
ajgtfoxedaqd6qg4rdylw2yh,0.804979,30-49,Some college/2-yr degree,Hispanic,Female,Republican,South,Somewhat accurate,Not at all trustworthy,Very important,Not likely,Yes,Not very likely,It would not interest me,It depends on who is asking,FALSE,FALSE,FALSE,285,2025-06-22,2024-076
7wtdwu81krvk4v47szvht15a,0.278376,18-29,Some college/2-yr degree,Other,Male,Independent,West,Not very accurate,Not very trustworthy,Somewhat important,Not likely,No,Very likely,It would become my preferred incentive offer,Yes,FALSE,FALSE,FALSE,407,2025-07-04,2024-076
l9hpv3wipwj8zc2ljv13wf4m,0.855299,30-49,Some college/2-yr degree,Hispanic,Male,Democrat,West,Very accurate,Not at all trustworthy,Not very important,Somewhat likely,Yes,Not very likely,It would not interest me,Yes,FALSE,FALSE,FALSE,492,2025-07-07,2024-076
5xh2ijhq000mqcubmxxpqhrr,0.733514,50-64,HS or less,White,Male,Other or none,South,Somewhat accurate,Somewhat trustworthy,Extremely important,Not likely,Yes,Not very likely,It would be one I would likely choose,It depends on who is asking,FALSE,FALSE,FALSE,308,2025-07-15,2024-076
uqamxyyy0u7nrnwdrb1ggx94,1.598999,30-49,HS or less,Hispanic,Female,Democrat,South,Somewhat accurate,Somewhat trustworthy,Somewhat important,Not likely,No,Not at all likely,It would be one I would likely choose,Yes,FALSE,FALSE,FALSE,512,2025-07-09,2024-076
p15ckif9z5mx0tdu3qorkqmv,1.281102,30-49,4-yr/post-graduate degree,White,Female,Republican,West,Somewhat accurate,Somewhat trustworthy,Somewhat important,Very likely,No,Not very likely,It would be one I would likely choose,No,FALSE,FALSE,FALSE,376,2025-07-08,2024-076
77xsci324zstur1m7h2p8p27,1.489516,30-49,4-yr/post-graduate degree,Hispanic,Female,Democrat,South,Very accurate,Very trustworthy,Somewhat important,Very likely,Yes,Likely,It would be one I would likely choose,It depends on who is asking,FALSE,FALSE,FALSE,507,2025-06-20,2024-076
37eotd4zxeyz6384xbgsjglo,1.181043,65+,HS or less,Hispanic,Male,Democrat,South,Not very accurate,Not very trustworthy,Somewhat important,I would never participate in a phone survey,Maybe,Not very likely,It would be one I would likely choose,It depends on who is asking,TRUE,FALSE,FALSE,393,2025-06-25,2024-076
bpvwaljaxypn92g374d1k5s3,0.356979,30-49,Some college/2-yr degree,Black,Female,Democrat,South,Somewhat accurate,Somewhat trustworthy,Somewhat important,Very likely,Yes,Not very likely,It would become my preferred incentive offer,Yes,FALSE,FALSE,FALSE,286,2025-06-26,2024-076
jmkpyn2ui9dh655ligddtpko,1.100232,30-49,HS or less,White,Female,Republican,Midwest,Not very accurate,Somewhat trustworthy,Extremely important,Somewhat likely,No,Not very likely,It would become my preferred incentive offer,It depends on who is asking,FALSE,TRUE,FALSE,130,2025-07-04,2024-076
v9vnwrlplbtpju2c6skpgnq9,0.689803,50-64,4-yr/post-graduate degree,Hispanic,Female,Independent,South,Somewhat accurate,Very trustworthy,Very important,I would never participate in a phone survey,No,Not at all likely,It would be one I would likely choose,Yes,FALSE,FALSE,FALSE,289,2025-07-12,2024-076
ok8h7fls48pbvl941qwoq7v0,0.70245,30-49,4-yr/post-graduate degree,White,Other,Republican,South,Somewhat accurate,Not very trustworthy,Very important,I would never participate in a phone survey,Yes,Not at all likely,It would not interest me,It depends on who is asking,FALSE,TRUE,FALSE,145,2025-07-10,2024-076
ix99m8xe83xlopz2q5ilheyo,0.773638,18-29,HS or less,White,Male,Independent,West,Not very accurate,Somewhat trustworthy,Somewhat important,Very likely,Yes,Not very likely,It would become my preferred incentive offer,Yes,TRUE,FALSE,FALSE,336,2025-07-11,2024-076
hlolkqrg9zcq53w9mzi4auk8,0.654146,50-64,HS or less,Other,Female,Independent,South,Somewhat accurate,Very trustworthy,Not very important,Somewhat likely,Yes,Not very likely,It would become my preferred incentive offer,It depends on who is asking,FALSE,FALSE,FALSE,425,2025-07-10,2024-076
8qa6qt6tfr9axqyiizqbhmn1,0.887603,50-64,Some college/2-yr degree,White,Male,Democrat,Midwest,Not very accurate,Somewhat trustworthy,Somewhat important,Not likely,No,Not very likely,It would be one I would likely choose,It depends on who is asking,FALSE,FALSE,FALSE,365,2025-06-22,2024-076
e1w225gbo4ilu3x0bbg0laiy,1.054378,50-64,Some college/2-yr degree,White,Male,Democrat,West,Very accurate,Somewhat trustworthy,Not at all important,Somewhat likely,Yes,Likely,It would become my preferred incentive offer,Yes,FALSE,FALSE,FALSE,261,2025-06-23,2024-076
vuk1zfswk9hi0i012pcgczsn,0.486419,65+,Some college/2-yr degree,Other,Male,Independent,South,Not very accurate,Not very trustworthy,Extremely important,Not likely,Maybe,Not very likely,It would not interest me,It depends on who is asking,FALSE,FALSE,FALSE,301,2025-07-11,2024-076
mcabn4zx1rzs79bi94jlcexv,0.810294,50-64,Some college/2-yr degree,White,Female,Independent,West,Somewhat accurate,Not very trustworthy,Somewhat important,I would never participate in a phone survey,Yes,Not at all likely,It would become my preferred incentive offer,Yes,FALSE,FALSE,TRUE,384,2025-07-10,2024-076
rgi5ad84plur51khe8i4zu9y,0.820096,18-29,Some college/2-yr degree,Hispanic,Male,Republican,West,Somewhat accurate,Somewhat trustworthy,Somewhat important,Not likely,Maybe,Likely,It would become my preferred incentive offer,It depends on who is asking,TRUE,TRUE,FALSE,117,2025-06-21,2024-076
01p1qaijcjg5bp7u1wp3zkhs,0.970365,18-29,4-yr/post-graduate degree,White,Male,Independent,South,Not very accurate,Somewhat trustworthy,Somewhat important,Very likely,Yes,Not very likely,It would be one I would likely choose,Yes,FALSE,FALSE,TRUE,440,2025-06-24,2024-076
aauj262k12bgpsplyeke2a3x,0.797787,50-64,HS or less,White,Male,Other or none,Northeast,Somewhat accurate,Somewhat trustworthy,Somewhat important,Not likely,Maybe,Very likely,It would become my preferred incentive offer,It depends on who is asking,FALSE,FALSE,FALSE,353,2025-07-03,2024-076
1bx4yor19gsuoohyygkbp8qx,0.959974,50-64,Some college/2-yr degree,White,Male,Democrat,West,Not at all accurate,Somewhat trustworthy,Very important,Not likely,Maybe,Not at all likely,It would become my preferred incentive offer,No,FALSE,FALSE,FALSE,369,2025-07-11,2024-076
8f68bgscuf2wyq9h27m3masz,1.224923,50-64,Some college/2-yr degree,Other,Female,Republican,West,Not very accurate,Somewhat trustworthy,Extremely important,Somewhat likely,No,Not very likely,It would be one I would likely choose,Yes,FALSE,FALSE,FALSE,289,2025-06-30,2024-076
6a7rwxil1jnlbmgc29l19drv,0.94486,18-29,Some college/2-yr degree,Black,Female,Democrat,Northeast,Somewhat accurate,Somewhat trustworthy,Not very important,Not likely,No,Not at all likely,It would be one I would likely choose,It depends on who is asking,FALSE,FALSE,FALSE,400,2025-06-19,2024-076
6d5gxof7ly6ar25a4ink3bws,0.582054,50-64,HS or less,White,Male,Democrat,South,Very accurate,Somewhat trustworthy,Not very important,I would never participate in a phone survey,No,Likely,It would be one I would likely choose,No,FALSE,FALSE,FALSE,443,2025-07-09,2024-076
b65ik5tx7if9wra22n49fukp,1.067743,50-64,4-yr/post-graduate degree,White,Female,Independent,South,Not very accurate,Very trustworthy,Very important,Somewhat likely,No,Very likely,It would become my preferred incentive offer,It depends on who is asking,FALSE,TRUE,FALSE,175,2025-07-13,2024-076
18et132enu91pstal8wpniv9,0.749727,18-29,HS or less,White,Female,Democrat,Midwest,Somewhat accurate,Somewhat trustworthy,Very important,Very likely,Yes,Not very likely,It would be one I would likely choose,No,FALSE,FALSE,FALSE,476,2025-07-01,2024-076
td5r2hk74tt1h23ykeruzbib,0.748831,30-49,HS or less,Black,Other,Republican,West,Somewhat accurate,Somewhat trustworthy,Very important,Not likely,Yes,Likely,It would not interest me,It depends on who is asking,FALSE,FALSE,FALSE,406,2025-06-18,2024-076
c1xiy0mh58zf7yxtly9tldl7,1.174321,50-64,Some college/2-yr degree,White,Male,Democrat,South,Not at all accurate,Somewhat trustworthy,Very important,Not likely,Yes,Likely,It would be one I would likely choose,It depends on who is asking,FALSE,FALSE,FALSE,478,2025-06-24,2024-076
c9q84bd3bl5qgszuqkhpuk0n,1.366784,50-64,HS or less,Hispanic,Male,Democrat,South,Somewhat accurate,Somewhat trustworthy,Extremely important,Very likely,Yes,Likely,It would become my preferred incentive offer,Yes,FALSE,FALSE,FALSE,442,2025-07-01,2024-076
cgpymmj7amjafwn7h5ox85md,0.733138,50-64,4-yr/post-graduate degree,White,Female,Republican,West,Somewhat accurate,Somewhat trustworthy,Somewhat important,Somewhat likely,Yes,Not very likely,It would become my preferred incentive offer,It depends on who is asking,FALSE,FALSE,FALSE,289,2025-07-07,2024-076
8umzbus8pj7pay6jki32nobp,0.951195,30-49,Some college/2-yr degree,White,Male,Republican,South,Not very accurate,Very trustworthy,Somewhat important,Very likely,Maybe,Not at all likely,It would not interest me,It depends on who is asking,FALSE,FALSE,FALSE,357,2025-07-11,2024-076
o4rmxneqejg07x4lnjzk550d,0.82742,50-64,Some college/2-yr degree,White,Male,Republican,West,Somewhat accurate,Somewhat trustworthy,Very important,Not likely,Yes,Very likely,It would be one I would likely choose,It depends on who is asking,FALSE,FALSE,FALSE,332,2025-07-12,2024-076
6ehvv6gbe5pmqhcbavt8sv8h,0.810058,50-64,Some college/2-yr degree,White,Male,Democrat,West,Somewhat accurate,Not very trustworthy,Somewhat important,Somewhat likely,No,Likely,It would become my preferred incentive offer,It depends on who is asking,FALSE,FALSE,FALSE,398,2025-06-20,2024-076
5zvddnrav53ahw2w4kuw7366,0.472473,65+,Some college/2-yr degree,White,Female,Democrat,Midwest,Somewhat accurate,Not at all trustworthy,Somewhat important,Somewhat likely,No,Not at all likely,It would be one I would likely choose,No,FALSE,FALSE,FALSE,425,2025-07-09,2024-076
4qcvf4v1vdizydyhsuoqive3,1.54057,50-64,4-yr/post-graduate degree,White,Male,Republican,West,Somewhat accurate,Not very trustworthy,Not very important,Not likely,Yes,Not at all likely,It would be one I would likely choose,It depends on who is asking,FALSE,FALSE,FALSE,413,2025-07-13,2024-076
tv1cl5y8oqubl2go5jajo5nk,0.975794,30-49,HS or less,White,Male,Independent,South,Very accurate,Not very trustworthy,Not very important,I would never participate in a phone survey,Maybe,Not at all likely,It would be one I would likely choose,Yes,FALSE,FALSE,FALSE,333,2025-07-09,2024-076
szakgrj1ocp96ssmf327o4r8,1.058101,18-29,HS or less,White,Male,Other or none,South,Very accurate,Somewhat trustworthy,Not very important,Very likely,No,Likely,It would be one I would likely choose,It depends on who is asking,FALSE,TRUE,FALSE,168,2025-06-25,2024-076
fzxjxp74fc7nzivtwvip1r9f,1.396194,30-49,4-yr/post-graduate degree,White,Other,Independent,Northeast,Somewhat accurate,Somewhat trustworthy,Not at all important,Not likely,No,Not very likely,It would become my preferred incentive offer,It depends on who is asking,FALSE,FALSE,FALSE,396,2025-07-02,2024-076
adge7cdeocfb455tb3vex92k,0.999454,30-49,HS or less,White,Male,Independent,West,Not very accurate,Very trustworthy,Very important,Not likely,Yes,Not very likely,It would become my preferred incentive offer,It depends on who is asking,FALSE,FALSE,FALSE,345,2025-06-17,2024-076
grzlv9yu1jhaot56wyvl3au9,1.037519,65+,HS or less,White,Male,Independent,Midwest,Somewhat accurate,Somewhat trustworthy,Extremely important,Somewhat likely,Maybe,Very likely,It would be one I would likely choose,No,FALSE,FALSE,FALSE,253,2025-07-15,2024-076
u8gjsi5xocy6cmtho9dro6ou,0.971269,50-64,4-yr/post-graduate degree,White,Female,Republican,Midwest,Somewhat accurate,Not very trustworthy,Very important,Very likely,Yes,Not very likely,It would not interest me,It depends on who is asking,FALSE,FALSE,FALSE,395,2025-07-13,2024-076
cbd1g3o46ly9orn21j1pkxqs,0.939586,30-49,Some college/2-yr degree,White,Female,Democrat,South,Somewhat accurate,Somewhat trustworthy,Not very important,Not likely,Yes,Likely,It would become my preferred incentive offer,It depends on who is asking,FALSE,FALSE,FALSE,395,2025-06-18,2024-076
qux8sx4qevfr8py6j8mo1nq3,1.054477,65+,Some college/2-yr degree,Hispanic,Male,Independent,Northeast,Somewhat accurate,Somewhat trustworthy,Somewhat important,Very likely,Yes,Not very likely,It would become my preferred incentive offer,It depends on who is asking,FALSE,FALSE,FALSE,362,2025-07-12,2024-076
n2ffs5zr1ei4oaspg1w57m59,1.154752,50-64,Some college/2-yr degree,White,Male,Democrat,Northeast,Somewhat accurate,Somewhat trustworthy,Not very important,Somewhat likely,Yes,Not very likely,It would be one I would likely choose,It depends on who is asking,FALSE,FALSE,FALSE,335,2025-07-17,2024-076
pxc01lt2pbrgexr53jcgk5ne,0.625917,50-64,HS or less,White,Female,Republican,Midwest,Somewhat accurate,Not very trustworthy,Somewhat important,Very likely,No,Not at all likely,It would not interest me,It depends on who is asking,FALSE,FALSE,FALSE,258,2025-07-07,2024-076
utld3200dwxoz8lva1i7g14x,0.797125,30-49,HS or less,White,Female,Independent,West,Not very accurate,Not at all trustworthy,Not very important,I would never participate in a phone survey,Yes,Not very likely,It would not interest me,Yes,FALSE,FALSE,FALSE,300,2025-07-09,2024-076
pgelk047bjlboya1oj5exz9g,1.225283,50-64,HS or less,Other,Female,Independent,Midwest,Somewhat accurate,Not at all trustworthy,Not very important,I would never participate in a phone survey,No,Likely,It would not interest me,It depends on who is asking,FALSE,FALSE,FALSE,334,2025-06-23,2024-076
ubgv8zpkzbs5b9bxpb7ds52j,1.081181,18-29,Some college/2-yr degree,White,Female,Democrat,South,Somewhat accurate,Not at all trustworthy,Not very important,Very likely,Maybe,Not very likely,It would become my preferred incentive offer,No,FALSE,FALSE,FALSE,360,2025-07-10,2024-076
otugv0ehp6rk9j87ylhhbwh4,0.699388,65+,HS or less,Hispanic,Female,Independent,South,Somewhat accurate,Not very trustworthy,Somewhat important,I would never participate in a phone survey,Yes,Very likely,It would be one I would likely choose,No,FALSE,FALSE,FALSE,390,2025-06-25,2024-076
4nbnawejo575simtr51l6szj,0.55126,30-49,HS or less,White,Female,Independent,South,Somewhat accurate,Somewhat trustworthy,Very important,Somewhat likely,No,Not very likely,It would not interest me,Yes,FALSE,FALSE,FALSE,321,2025-06-23,2024-076
5whopw8dmxhwx54d86b19m39,1.447172,30-49,HS or less,White,Other,Republican,West,Somewhat accurate,Not very trustworthy,Somewhat important,Somewhat likely,No,Not very likely,It would become my preferred incentive offer,Yes,FALSE,TRUE,FALSE,114,2025-06-18,2024-076
dq1ohwdstwv41mounqm3fj37,1.174401,50-64,Some college/2-yr degree,White,Female,Republican,South,Very accurate,Somewhat trustworthy,Not very important,Very likely,Yes,Likely,It would be one I would likely choose,It depends on who is asking,FALSE,FALSE,FALSE,422,2025-06-22,2024-076
q0voal013coix3ewvnuqvpqh,0.531038,30-49,HS or less,Hispanic,Female,Independent,Midwest,Very accurate,Very trustworthy,Very important,Not likely,Yes,Very likely,It would be one I would likely choose,It depends on who is asking,FALSE,FALSE,FALSE,331,2025-07-02,2024-076
bthahei96ab5bhzjvp3nbr6i,1.144163,18-29,4-yr/post-graduate degree,Black,Female,Democrat,South,Very accurate,Somewhat trustworthy,Extremely important,Very likely,Yes,Not very likely,It would become my preferred incentive offer,No,FALSE,FALSE,FALSE,267,2025-07-16,2024-076
li7fydtb5mujfycsw6895pas,0.807922,18-29,HS or less,Other,Male,Democrat,Midwest,Very accurate,Somewhat trustworthy,Somewhat important,Somewhat likely,Yes,Not very likely,It would be one I would likely choose,Yes,TRUE,FALSE,FALSE,450,2025-07-10,2024-076
67aut3eg1v8cg4nixqpsr6k5,1.41728,50-64,Some college/2-yr degree,White,Female,Independent,Northeast,Somewhat accurate,Very trustworthy,Somewhat important,Not likely,Yes,Not at all likely,It would be one I would likely choose,Yes,FALSE,FALSE,FALSE,265,2025-07-10,2024-076
1iccvh5l3jw3my99w5k3qmkw,1.318489,30-49,4-yr/post-graduate degree,White,Male,Independent,West,Somewhat accurate,Not at all trustworthy,Not very important,Not likely,Maybe,Likely,It would be one I would likely choose,It depends on who is asking,FALSE,FALSE,FALSE,221,2025-06-23,2024-076
8dmzznpiy4g73du12neqa1ba,1.334918,50-64,HS or less,White,Female,Republican,Midwest,Not at all accurate,Somewhat trustworthy,Very important,Not likely,No,Likely,It would become my preferred incentive offer,It depends on who is asking,FALSE,FALSE,TRUE,324,2025-06-29,2024-076
216qs0rowwlnsb79iuq0cog0,1.213199,50-64,4-yr/post-graduate degree,Other,Male,Democrat,South,Somewhat accurate,Very trustworthy,Somewhat important,Somewhat likely,Yes,Not very likely,It would become my preferred incentive offer,It depends on who is asking,FALSE,FALSE,FALSE,382,2025-07-05,2024-076
npppxz2z26c2bopx5arrzokp,0.961083,50-64,Some college/2-yr degree,White,Male,Democrat,Northeast,Not very accurate,Not very trustworthy,Somewhat important,Somewhat likely,Yes,Not very likely,It would be one I would likely choose,It depends on who is asking,FALSE,FALSE,FALSE,380,2025-06-23,2024-076
m9ggoe0vv5m9xctxrmqbh0md,0.925013,30-49,4-yr/post-graduate degree,Hispanic,Female,Democrat,Northeast,Somewhat accurate,Somewhat trustworthy,Very important,Very likely,No,Likely,It would be one I would likely choose,It depends on who is asking,FALSE,FALSE,FALSE,338,2025-07-17,2024-076
cn07owiqrooxpzb99hclkfer,1.293453,65+,4-yr/post-graduate degree,Hispanic,Male,Independent,Northeast,Somewhat accurate,Somewhat trustworthy,Very important,Very likely,Yes,Not very likely,It would become my preferred incentive offer,It depends on who is asking,FALSE,FALSE,FALSE,387,2025-06-20,2024-076
397e0lf1s818m9jfnmma8ggt,1.135404,18-29,Some college/2-yr degree,Black,Female,Democrat,South,Not very accurate,Not very trustworthy,Somewhat important,I would never participate in a phone survey,Yes,Likely,It would not interest me,It depends on who is asking,FALSE,FALSE,FALSE,276,2025-07-09,2024-076
0kzky8vkvp5bqqmqmvyfmsk3,1.2374,30-49,4-yr/post-graduate degree,Black,Male,Democrat,South,Somewhat accurate,Somewhat trustworthy,Very important,Somewhat likely,Yes,Not very likely,It would become my preferred incentive offer,Yes,FALSE,FALSE,FALSE,377,2025-07-17,2024-076
r62ihbmb0vun9r4wt3sf9cl9,1.397583,30-49,HS or less,Hispanic,Female,Independent,Northeast,Not very accurate,Not very trustworthy,Very important,I would never participate in a phone survey,No,Likely,It would be one I would likely choose,Yes,FALSE,FALSE,FALSE,303,2025-06-30,2024-076
9oyqhx99vihnimw8kbpz8y7n,1.680223,30-49,4-yr/post-graduate degree,Other,Male,Republican,West,Not at all accurate,Not very trustworthy,Extremely important,Somewhat likely,No,Not very likely,It would be one I would likely choose,It depends on who is asking,FALSE,FALSE,TRUE,332,2025-07-07,2024-076
4qavkt7d0b4os2xvr3p3p823,0.460273,30-49,HS or less,White,Female,Independent,West,Not very accurate,Not very trustworthy,Somewhat important,Somewhat likely,Maybe,Not very likely,It would become my preferred incentive offer,Yes,FALSE,FALSE,FALSE,368,2025-06-17,2024-076
0e9nmwywhpa66eabrmxu7w6i,0.961934,50-64,HS or less,Hispanic,Female,Independent,Midwest,Somewhat accurate,Not very trustworthy,Somewhat important,Somewhat likely,Yes,Not very likely,It would be one I would likely choose,It depends on who is asking,FALSE,FALSE,TRUE,372,2025-07-13,2024-076
beuwwxsswt6cldqqw4cp3297,1.047633,50-64,Some college/2-yr degree,Other,Female,Democrat,Northeast,Not very accurate,Somewhat trustworthy,Somewhat important,Somewhat likely,Yes,Very likely,It would be one I would likely choose,It depends on who is asking,FALSE,FALSE,FALSE,304,2025-07-04,2024-076
lfob6szxyny7kzt22i8kqr06,1.175094,65+,Some college/2-yr degree,Black,Female,Democrat,South,Not very accurate,Not very trustworthy,Somewhat important,Very likely,Maybe,Likely,It would be one I would likely choose,Yes,FALSE,FALSE,FALSE,366,2025-06-23,2024-076
i3q452lhfsa872do0fr0p4ft,1.047403,65+,Some college/2-yr degree,White,Female,Independent,South,Not at all accurate,Somewhat trustworthy,Somewhat important,Somewhat likely,Yes,Not very likely,It would be one I would likely choose,It depends on who is asking,FALSE,FALSE,FALSE,441,2025-06-25,2024-076
igxnawzxq52ic0xbxx8wtxws,0.628813,30-49,4-yr/post-graduate degree,White,Female,Democrat,Midwest,Not very accurate,Not very trustworthy,Somewhat important,Not likely,Maybe,Not very likely,It would be one I would likely choose,It depends on who is asking,FALSE,FALSE,FALSE,318,2025-07-11,2024-076
queddyhjmen9e4rmro1hs5a6,0.88503,65+,Some college/2-yr degree,White,Female,Democrat,South,Not at all accurate,Somewhat trustworthy,Not very important,I would never participate in a phone survey,No,Very likely,It would be one I would likely choose,It depends on who is asking,FALSE,FALSE,FALSE,401,2025-06-22,2024-076
pasfqmqebg0ftshkibhozrtx,0.801557,50-64,HS or less,Black,Male,Republican,West,Not very accurate,Somewhat trustworthy,Not very important,Not likely,Yes,Not very likely,It would be one I would likely choose,It depends on who is asking,FALSE,FALSE,FALSE,292,2025-07-05,2024-076
r8953dqxfjsidmknup7x5f93,0.437347,50-64,4-yr/post-graduate degree,Black,Male,Other or none,West,Somewhat accurate,Not very trustworthy,Very important,I would never participate in a phone survey,No,Not very likely,It would not interest me,It depends on who is asking,FALSE,FALSE,FALSE,345,2025-07-06,2024-076
qabdiuggxtxt8txd5bfob7nr,1.101605,50-64,Some college/2-yr degree,Black,Female,Democrat,South,Somewhat accurate,Not very trustworthy,Somewhat important,Not likely,No,Likely,It would become my preferred incentive offer,It depends on who is asking,FALSE,TRUE,FALSE,64,2025-07-05,2024-076
hx3l1fjoauft89v5ni0dncqg,0.680378,65+,HS or less,Black,Female,Other or none,West,Very accurate,Somewhat trustworthy,Extremely important,Not likely,Maybe,Very likely,It would be one I would likely choose,It depends on who is asking,FALSE,FALSE,FALSE,326,2025-07-15,2024-076
xiu205jj7mngp1ho4b9qrt46,0.875051,18-29,4-yr/post-graduate degree,Hispanic,Female,Republican,Midwest,Not very accurate,Somewhat trustworthy,Somewhat important,Not likely,Yes,Likely,It would be one I would likely choose,It depends on who is asking,TRUE,FALSE,FALSE,331,2025-06-28,2024-076
1i88daomsdt1ei97mjtgbywp,1.193277,18-29,4-yr/post-graduate degree,White,Male,Independent,Midwest,Not very accurate,Somewhat trustworthy,Somewhat important,Not likely,Maybe,Not at all likely,It would not interest me,It depends on who is asking,FALSE,FALSE,FALSE,309,2025-07-13,2024-076
sjhxgpl95qu6ao7qjhmduy32,0.84543,65+,4-yr/post-graduate degree,Hispanic,Male,Democrat,West,Somewhat accurate,Somewhat trustworthy,Very important,Not likely,No,Likely,It would be one I would likely choose,It depends on who is asking,FALSE,FALSE,FALSE,248,2025-07-10,2024-076
ke1lpvb029toswv3lwvgox95,0.78634,65+,4-yr/post-graduate degree,Hispanic,Male,Republican,West,Somewhat accurate,Not very trustworthy,Very important,Somewhat likely,Yes,Not very likely,It would not interest me,No,FALSE,FALSE,FALSE,330,2025-07-16,2024-076
l5o1onb6canlm3ijm2ece1xf,0.594275,30-49,4-yr/post-graduate degree,Other,Female,Independent,South,Somewhat accurate,Not very trustworthy,Very important,Not likely,Maybe,Not at all likely,It would be one I would likely choose,It depends on who is asking,FALSE,FALSE,FALSE,234,2025-07-17,2024-076
3s5j8v5zpmzhz6h0ri55oy64,1.231905,50-64,Some college/2-yr degree,Black,Female,Independent,Midwest,Not very accurate,Very trustworthy,Very important,Very likely,Maybe,Likely,It would become my preferred incentive offer,Yes,FALSE,FALSE,FALSE,253,2025-07-15,2024-076
vu7rz4t4oo52i4f8iqviaoel,0.958541,30-49,4-yr/post-graduate degree,White,Male,Republican,South,Somewhat accurate,Not very trustworthy,Very important,Not likely,Yes,Likely,It would be one I would likely choose,It depends on who is asking,FALSE,FALSE,FALSE,385,2025-06-19,2024-076
4usvbpmxkia5udafhho7amsi,1.434026,50-64,Some college/2-yr degree,Black,Male,Independent,Midwest,Somewhat accurate,Somewhat trustworthy,Not very important,Very likely,Yes,Not at all likely,It would be one I would likely choose,It depends on who is asking,FALSE,FALSE,FALSE,415,2025-06-18,2024-076
jrnrjub9wxoytwnhxgp69nu7,0.874204,65+,Some college/2-yr degree,White,Male,Independent,West,Not very accurate,Not very trustworthy,Extremely important,Not likely,Yes,Not at all likely,It would not interest me,It depends on who is asking,FALSE,FALSE,FALSE,309,2025-07-15,2024-076
fsonrcy3sml4vdiub2r7n6yq,0.953557,18-29,Some college/2-yr degree,White,Male,Independent,South,Not very accurate,Not very trustworthy,Somewhat important,Not likely,Maybe,Not very likely,It would be one I would likely choose,Yes,FALSE,FALSE,FALSE,393,2025-06-25,2024-076
duv9ecsfvlo2hxtksile1f9l,0.82152,30-49,HS or less,White,Female,Democrat,Midwest,Somewhat accurate,Somewhat trustworthy,Somewhat important,Not likely,Yes,Very likely,It would become my preferred incentive offer,It depends on who is asking,FALSE,FALSE,TRUE,425,2025-06-21,2024-076
sq2du349ek11ecsaq3uvhahr,1.271064,18-29,4-yr/post-graduate degree,White,Male,Independent,Northeast,Somewhat accurate,Somewhat trustworthy,Somewhat important,Somewhat likely,No,Likely,It would become my preferred incentive offer,It depends on who is asking,FALSE,FALSE,FALSE,452,2025-06-20,2024-076
58o3pabqv0ejymajncfailh2,1.115604,50-64,HS or less,White,Female,Democrat,West,Somewhat accurate,Somewhat trustworthy,Not at all important,Not likely,Maybe,Not very likely,It would not interest me,It depends on who is asking,FALSE,FALSE,FALSE,412,2025-06-19,2024-076
b7ukmdxtkivg08emx4afz5fd,1.062929,50-64,4-yr/post-graduate degree,Hispanic,Male,Republican,West,Somewhat accurate,Not very trustworthy,Somewhat important,Not likely,No,Not very likely,It would be one I would likely choose,No,FALSE,FALSE,FALSE,356,2025-07-12,2024-076
7nz04vueyre83q70w8kvq7h6,0.847098,50-64,Some college/2-yr degree,Black,Male,Democrat,South,Somewhat accurate,Somewhat trustworthy,Somewhat important,Not likely,Yes,Likely,It would be one I would likely choose,It depends on who is asking,FALSE,FALSE,FALSE,236,2025-06-17,2024-076
cxyz6yfj9hmg2x8u7x59rcmo,0.599324,18-29,HS or less,White,Female,Democrat,Northeast,Somewhat accurate,Somewhat trustworthy,Very important,I would never participate in a phone survey,No,Very likely,It would be one I would likely choose,It depends on who is asking,TRUE,FALSE,FALSE,347,2025-07-02,2024-076
uzn3xbk9ssv4j3hfx0sl9r1m,0.941318,50-64,Some college/2-yr degree,White,Male,Republican,West,Not very accurate,Somewhat trustworthy,Very important,Somewhat likely,Yes,Not very likely,It would not interest me,No,FALSE,FALSE,FALSE,462,2025-06-28,2024-076
hi5sybuitbljpmypw7htw1gz,0.828332,30-49,HS or less,White,Male,Democrat,West,Not at all accurate,Not at all trustworthy,Somewhat important,Very likely,Maybe,Not very likely,It would become my preferred incentive offer,No,FALSE,FALSE,FALSE,249,2025-06-19,2024-076
uwrahl95tel8kzhvslbunwlu,0.784091,18-29,4-yr/post-graduate degree,Black,Male,Republican,Midwest,Somewhat accurate,Not at all trustworthy,Somewhat important,I would never participate in a phone survey,Yes,Not very likely,It would become my preferred incentive offer,Yes,FALSE,FALSE,FALSE,546,2025-07-04,2024-076
1c15psmz0v03uizkh5plpepk,0.590723,50-64,HS or less,White,Female,Democrat,South,Somewhat accurate,Not very trustworthy,Not very important,Not likely,Yes,Likely,It would be one I would likely choose,It depends on who is asking,FALSE,FALSE,TRUE,256,2025-07-11,2024-076
4wnghjvxuntr1lpi5n9z55vc,1.432192,30-49,4-yr/post-graduate degree,Hispanic,Male,Republican,West,Not very accurate,Somewhat trustworthy,Very important,Somewhat likely,Yes,Not very likely,It would be one I would likely choose,No,FALSE,FALSE,FALSE,341,2025-06-21,2024-076
gdx692xcpk68ydoldd2akcv3,0.637603,30-49,Some college/2-yr degree,White,Other,Republican,South,Very accurate,Not very trustworthy,Somewhat important,Somewhat likely,No,Likely,It would not interest me,It depends on who is asking,FALSE,FALSE,FALSE,439,2025-07-14,2024-076
6gi3roaylv2gak8gylfsgcxd,0.340267,50-64,4-yr/post-graduate degree,Other,Male,Independent,South,Somewhat accurate,Not at all trustworthy,Very important,I would never participate in a phone survey,Maybe,Likely,It would become my preferred incentive offer,No,FALSE,FALSE,FALSE,508,2025-07-04,2024-076
ryxf06ffhgct6kqjkahasrl4,1.098293,50-64,Some college/2-yr degree,White,Male,Republican,South,Not very accurate,Somewhat trustworthy,Extremely important,Not likely,Maybe,Not very likely,It would become my preferred incentive offer,No,TRUE,FALSE,FALSE,391,2025-07-16,2024-076
txqg7v2g4ffo7wslihkqh9ox,0.933776,18-29,HS or less,Other,Male,Independent,South,Very accurate,Very trustworthy,Somewhat important,I would never participate in a phone survey,Maybe,Not very likely,It would not interest me,It depends on who is asking,TRUE,FALSE,FALSE,236,2025-07-01,2024-076
xvpiaf00wvspfh849us9r33o,0.485114,30-49,HS or less,White,Female,Independent,Northeast,Not very accurate,Not very trustworthy,Very important,I would never participate in a phone survey,Maybe,Not very likely,It would become my preferred incentive offer,Yes,FALSE,FALSE,FALSE,498,2025-07-02,2024-076
u5xflq660skdo81yher8ptbp,0.565711,18-29,Some college/2-yr degree,White,Female,Democrat,Midwest,Not very accurate,Very trustworthy,Not very important,Somewhat likely,Yes,Very likely,It would not interest me,It depends on who is asking,TRUE,FALSE,FALSE,400,2025-07-01,2024-076
p9yucgr4ajluu1zp5g9tytt2,1.327938,18-29,4-yr/post-graduate degree,White,Male,Democrat,Midwest,Somewhat accurate,Not very trustworthy,Somewhat important,Very likely,Yes,Very likely,It would become my preferred incentive offer,No,FALSE,FALSE,FALSE,429,2025-07-01,2024-076
74knyfuew75i60vg8bwei69u,0.911407,50-64,Some college/2-yr degree,Hispanic,Male,Republican,Midwest,Somewhat accurate,Not at all trustworthy,Extremely important,Somewhat likely,Yes,Likely,It would be one I would likely choose,No,FALSE,TRUE,FALSE,155,2025-07-06,2024-076
ampu6wtdnm46k3ze1naqje4t,1.749552,30-49,HS or less,Hispanic,Male,Democrat,Northeast,Somewhat accurate,Not very trustworthy,Extremely important,I would never participate in a phone survey,Maybe,Likely,It would not interest me,No,FALSE,FALSE,FALSE,260,2025-07-15,2024-076
0s8vl6j1cycvaxtb1tmcjudx,1.151514,30-49,4-yr/post-graduate degree,White,Female,Republican,West,Somewhat accurate,Somewhat trustworthy,Somewhat important,Somewhat likely,No,Not very likely,It would be one I would likely choose,Yes,TRUE,TRUE,FALSE,128,2025-06-18,2024-076
38c3kc6461dox88ug42ekctt,0.878601,65+,HS or less,White,Male,Democrat,Midwest,Not very accurate,Somewhat trustworthy,Not at all important,Somewhat likely,Yes,Not very likely,It would be one I would likely choose,It depends on who is asking,FALSE,FALSE,FALSE,334,2025-07-13,2024-076
rb2t8wbd7y8wvxo9xuqlbpsn,1.65483,50-64,4-yr/post-graduate degree,White,Male,Republican,Midwest,Somewhat accurate,Somewhat trustworthy,Somewhat important,Somewhat likely,Maybe,Very likely,It would be one I would likely choose,It depends on who is asking,FALSE,FALSE,FALSE,422,2025-06-30,2024-076
vvqkyepz54g9fl4w8ges85ig,1.150233,30-49,Some college/2-yr degree,White,Female,Independent,Northeast,Somewhat accurate,Somewhat trustworthy,Somewhat important,Somewhat likely,Yes,Not very likely,It would not interest me,No,FALSE,FALSE,TRUE,376,2025-06-20,2024-076
0uh6p1qlx4ta316ww2032fqx,0.847126,65+,Some college/2-yr degree,Black,Female,Democrat,South,Not at all accurate,Very trustworthy,Somewhat important,Not likely,Yes,Not very likely,It would become my preferred incentive offer,It depends on who is asking,TRUE,FALSE,FALSE,450,2025-06-23,2024-076
vcmsky8tc0de2dcly5p2pb2l,1.162155,30-49,4-yr/post-graduate degree,Other,Male,Independent,Midwest,Not at all accurate,Very trustworthy,Somewhat important,Not likely,Yes,Not very likely,It would be one I would likely choose,No,FALSE,FALSE,FALSE,177,2025-06-29,2024-076
jpzhq1adj3x9fukbdye380u6,1.497047,18-29,Some college/2-yr degree,White,Male,Republican,Northeast,Not very accurate,Not at all trustworthy,Somewhat important,Somewhat likely,Maybe,Likely,It would be one I would likely choose,It depends on who is asking,FALSE,FALSE,FALSE,368,2025-06-24,2024-076
zuhylsazdbe5kowrd948tjl6,1.3044,30-49,Some college/2-yr degree,White,Female,Republican,South,Not very accurate,Somewhat trustworthy,Somewhat important,Somewhat likely,Yes,Very likely,It would be one I would likely choose,No,FALSE,FALSE,FALSE,422,2025-06-25,2024-076
bn19adis7xu48iak5058a4xa,1.501458,50-64,4-yr/post-graduate degree,Hispanic,Female,Republican,South,Not very accurate,Somewhat trustworthy,Somewhat important,Somewhat likely,Yes,Not very likely,It would not interest me,It depends on who is asking,FALSE,FALSE,FALSE,492,2025-07-10,2024-076
b16qq8n4r9l96a4y7pyal693,1.051143,50-64,HS or less,Hispanic,Male,Republican,West,Not very accurate,Somewhat trustworthy,Not at all important,Not likely,Maybe,Not very likely,It would be one I would likely choose,Yes,FALSE,FALSE,FALSE,215,2025-06-23,2024-076
13bc447f8l6gndt1f37mxgql,0.974912,50-64,Some college/2-yr degree,White,Female,Democrat,South,Not very accurate,Somewhat trustworthy,Somewhat important,I would never participate in a phone survey,Yes,Not at all likely,It would become my preferred incentive offer,Yes,FALSE,FALSE,FALSE,328,2025-06-28,2024-076
ii4j8w9d9hnz3dnyh46y2m1p,0.944989,30-49,Some college/2-yr degree,Hispanic,Other,Independent,South,Not very accurate,Somewhat trustworthy,Extremely important,Not likely,Maybe,Not at all likely,It would be one I would likely choose,It depends on who is asking,FALSE,FALSE,FALSE,188,2025-06-19,2024-076
2cqx1wivw7ey3i63srd29ac9,1.077357,18-29,Some college/2-yr degree,White,Female,Democrat,Northeast,Somewhat accurate,Somewhat trustworthy,Somewhat important,Very likely,No,Likely,It would not interest me,It depends on who is asking,TRUE,FALSE,FALSE,379,2025-06-22,2024-076
7yvq0h2987jsyys435nnd2om,1.152426,30-49,HS or less,Black,Male,Democrat,Midwest,Not very accurate,Somewhat trustworthy,Not very important,Somewhat likely,Maybe,Likely,It would be one I would likely choose,It depends on who is asking,FALSE,FALSE,FALSE,340,2025-07-15,2024-076
w2qr9lyhkhynpleqhem5ye0u,0.823969,30-49,HS or less,Other,Female,Democrat,South,Very accurate,Not at all trustworthy,Somewhat important,Not likely,Maybe,Not very likely,It would be one I would likely choose,Yes,TRUE,TRUE,FALSE,136,2025-06-23,2024-076
fa3j65fcrriyc3itw3sz3iwl,1.309895,65+,4-yr/post-graduate degree,White,Male,Independent,South,Somewhat accurate,Somewhat trustworthy,Not at all important,Very likely,Maybe,Not very likely,It would become my preferred incentive offer,It depends on who is asking,FALSE,FALSE,FALSE,458,2025-07-01,2024-076
rfaiyogt6fy0d907tkyphdqh,0.966183,30-49,4-yr/post-graduate degree,White,Female,Republican,West,Not very accurate,Somewhat trustworthy,Extremely important,Not likely,No,Very likely,It would be one I would likely choose,It depends on who is asking,FALSE,FALSE,TRUE,222,2025-07-06,2024-076
glsb2fxbijaxpl2oh24spghm,1.457127,65+,HS or less,White,Male,Republican,West,Somewhat accurate,Not very trustworthy,Very important,Not likely,Yes,Not very likely,It would not interest me,No,TRUE,FALSE,FALSE,231,2025-06-30,2024-076
h8npepa9q32qtztea8han8gk,0.898204,65+,Some college/2-yr degree,Hispanic,Male,Republican,South,Very accurate,Not very trustworthy,Extremely important,Not likely,No,Not very likely,It would be one I would likely choose,No,FALSE,FALSE,FALSE,369,2025-06-25,2024-076
gy7b1ej11ee6hv16li7m2w61,1.235578,30-49,HS or less,Hispanic,Male,Other or none,Northeast,Not very accurate,Somewhat trustworthy,Not at all important,Not likely,Yes,Likely,It would not interest me,It depends on who is asking,FALSE,FALSE,FALSE,353,2025-06-25,2024-076
0aig5trwqiviprsp0ssa9jgx,1.024266,50-64,HS or less,White,Male,Other or none,South,Not very accurate,Somewhat trustworthy,Somewhat important,Not likely,Maybe,Not very likely,It would be one I would likely choose,It depends on who is asking,FALSE,TRUE,FALSE,179,2025-07-08,2024-076
nrz31nj6szdwjwlwkf9yn6f8,1.147884,18-29,HS or less,White,Male,Republican,South,Not very accurate,Somewhat trustworthy,Somewhat important,Very likely,Yes,Very likely,It would be one I would likely choose,It depends on who is asking,FALSE,FALSE,FALSE,309,2025-06-21,2024-076
fxi5o3588sm8ygiaafjtbiwe,1.291798,30-49,HS or less,Other,Male,Democrat,West,Somewhat accurate,Somewhat trustworthy,Not very important,Not likely,Yes,Likely,It would be one I would likely choose,It depends on who is asking,FALSE,FALSE,FALSE,320,2025-07-01,2024-076
ewv69zin20c91z57txiqiphe,1.412905,65+,Some college/2-yr degree,White,Male,Democrat,West,Somewhat accurate,Not at all trustworthy,Somewhat important,Not likely,No,Very likely,It would be one I would likely choose,No,FALSE,FALSE,FALSE,325,2025-06-25,2024-076
i5hmtdapbny2jsseft522esj,1.197896,30-49,HS or less,Black,Female,Republican,South,Somewhat accurate,Somewhat trustworthy,Very important,Not likely,Maybe,Not very likely,It would not interest me,It depends on who is asking,FALSE,FALSE,FALSE,454,2025-06-28,2024-076
7qf117qv8ih3x1eqcsramqgu,0.898993,18-29,HS or less,Other,Male,Democrat,West,Not very accurate,Somewhat trustworthy,Somewhat important,Very likely,Maybe,Not very likely,It would not interest me,It depends on who is asking,TRUE,TRUE,FALSE,115,2025-07-08,2024-076
bve46dgf218ae2zo6rdf06dy,0.969698,50-64,HS or less,Other,Male,Democrat,South,Not very accurate,Somewhat trustworthy,Not very important,Somewhat likely,Maybe,Very likely,It would be one I would likely choose,Yes,FALSE,FALSE,FALSE,288,2025-06-17,2024-076
02mtg9kaybafkh9s9zjyqggw,0.970974,50-64,Some college/2-yr degree,White,Female,Democrat,South,Somewhat accurate,Not very trustworthy,Very important,Very likely,Maybe,Very likely,It would be one I would likely choose,Yes,FALSE,FALSE,TRUE,286,2025-06-28,2024-076
n2mv0c275v2x5145axixve3t,0.947628,30-49,4-yr/post-graduate degree,White,Male,Democrat,West,Somewhat accurate,Not very trustworthy,Extremely important,Somewhat likely,Yes,Not very likely,It would be one I would likely choose,Yes,FALSE,FALSE,TRUE,426,2025-06-24,2024-076
ram3qkqqq56qi6b19w8bji6j,1.117365,50-64,HS or less,Black,Female,Independent,West,Somewhat accurate,Not very trustworthy,Not at all important,Not likely,Maybe,Not very likely,It would become my preferred incentive offer,It depends on who is asking,FALSE,FALSE,FALSE,299,2025-06-22,2024-076
qdasrhgaukm8p4ift2j3q1nt,0.818307,18-29,Some college/2-yr degree,White,Female,Republican,South,Not very accurate,Not very trustworthy,Very important,Somewhat likely,Yes,Not at all likely,It would be one I would likely choose,Yes,FALSE,FALSE,FALSE,260,2025-06-28,2024-076
r8p7txpk9pal03yk1yojygsg,1.200954,30-49,Some college/2-yr degree,White,Male,Democrat,Midwest,Not very accurate,Very trustworthy,Very important,Very likely,Maybe,Not very likely,It would not interest me,It depends on who is asking,FALSE,FALSE,FALSE,323,2025-07-06,2024-076
5rpnk9rh8586itvjn7hp3hxh,0.80534,65+,Some college/2-yr degree,Hispanic,Male,Republican,Midwest,Very accurate,Not at all trustworthy,Not very important,Not likely,Maybe,Not very likely,It would be one I would likely choose,It depends on who is asking,FALSE,FALSE,FALSE,175,2025-07-08,2024-076
zskoayzis9z5kyfe2z7dvhx4,1.063532,65+,HS or less,Hispanic,Male,Republican,South,Not very accurate,Somewhat trustworthy,Somewhat important,Somewhat likely,No,Not at all likely,It would be one I would likely choose,Yes,FALSE,FALSE,TRUE,325,2025-06-17,2024-076
u0h30mesg6f652onkiz2fyly,1.295447,50-64,Some college/2-yr degree,White,Female,Independent,West,Not very accurate,Somewhat trustworthy,Somewhat important,Not likely,Yes,Not very likely,It would be one I would likely choose,It depends on who is asking,FALSE,FALSE,FALSE,312,2025-07-08,2024-076
l2euthg9x1spdryj911jxm8q,1.203522,18-29,4-yr/post-graduate degree,White,Female,Independent,South,Not very accurate,Somewhat trustworthy,Somewhat important,Somewhat likely,Yes,Not very likely,It would be one I would likely choose,No,FALSE,FALSE,FALSE,340,2025-06-29,2024-076
q4gm6nr1a0cnp70iqo3dqcv7,0.750587,50-64,4-yr/post-graduate degree,Other,Female,Democrat,South,Very accurate,Not very trustworthy,Somewhat important,Somewhat likely,Maybe,Likely,It would not interest me,It depends on who is asking,FALSE,FALSE,FALSE,340,2025-07-14,2024-076
60gxulaaigi0oou2gzbsbazn,1.164966,65+,Some college/2-yr degree,White,Male,Independent,Northeast,Very accurate,Somewhat trustworthy,Somewhat important,Very likely,Maybe,Likely,It would not interest me,It depends on who is asking,FALSE,TRUE,FALSE,107,2025-06-29,2024-076
b9i64k9k30rqwb8uin6bhx3r,1.716257,65+,HS or less,White,Female,Republican,Northeast,Somewhat accurate,Somewhat trustworthy,Somewhat important,Very likely,Maybe,Likely,It would be one I would likely choose,It depends on who is asking,FALSE,FALSE,TRUE,419,2025-07-17,2024-076
gemv9964wdsrhi2u4zh8rjbd,0.572227,65+,Some college/2-yr degree,White,Female,Democrat,West,Not very accurate,Not very trustworthy,Extremely important,Not likely,Yes,Not very likely,It would become my preferred incentive offer,It depends on who is asking,FALSE,FALSE,FALSE,340,2025-06-30,2024-076
uy1r81r2r2t8jnpdu9tkzihx,0.653947,65+,HS or less,Hispanic,Male,Democrat,Northeast,Somewhat accurate,Very trustworthy,Not at all important,Somewhat likely,Maybe,Not at all likely,It would be one I would likely choose,It depends on who is asking,FALSE,FALSE,FALSE,435,2025-06-28,2024-076
h5vehiw1qnrz92iv2f1qrrcb,1.09662,18-29,Some college/2-yr degree,White,Male,Republican,South,Somewhat accurate,Somewhat trustworthy,Somewhat important,Not likely,Maybe,Not very likely,It would not interest me,Yes,FALSE,FALSE,TRUE,337,2025-07-16,2024-076
wjimmww0tqth8bhfezxdj66a,1.068668,50-64,Some college/2-yr degree,Other,Female,Independent,Midwest,Somewhat accurate,Somewhat trustworthy,Somewhat important,I would never participate in a phone survey,Yes,Not at all likely,It would be one I would likely choose,No,FALSE,FALSE,FALSE,243,2025-07-13,2024-076
viivz77xtnoyy034xk39lb0x,0.960436,18-29,4-yr/post-graduate degree,Black,Female,Republican,West,Somewhat accurate,Somewhat trustworthy,Somewhat important,Very likely,No,Not very likely,It would become my preferred incentive offer,It depends on who is asking,FALSE,TRUE,FALSE,123,2025-07-04,2024-076
4pg5hj8jg8qn8hs98422f2aa,1.555652,18-29,HS or less,Hispanic,Female,Republican,South,Somewhat accurate,Somewhat trustworthy,Very important,Somewhat likely,Maybe,Very likely,It would not interest me,Yes,TRUE,FALSE,FALSE,380,2025-07-13,2024-076
hv52yvjl81wi5absvnmrsu4a,1.725143,30-49,Some college/2-yr degree,White,Female,Democrat,South,Very accurate,Very trustworthy,Somewhat important,Not likely,Yes,Not very likely,It would become my preferred incentive offer,It depends on who is asking,FALSE,FALSE,TRUE,388,2025-07-14,2024-076
6vves1ew8puq5j1657uds0tx,1.494915,50-64,Some college/2-yr degree,White,Other,Republican,West,Not very accurate,Somewhat trustworthy,Not very important,Somewhat likely,Maybe,Not at all likely,It would be one I would likely choose,It depends on who is asking,FALSE,FALSE,FALSE,329,2025-06-22,2024-076
tkoi3om624b4thgpv9x9tmcx,1.014787,30-49,HS or less,Hispanic,Male,Republican,Northeast,Somewhat accurate,Not very trustworthy,Very important,Very likely,Maybe,Likely,It would become my preferred incentive offer,It depends on who is asking,FALSE,FALSE,FALSE,379,2025-07-05,2024-076
ln7crujbqt0zlwburam5lg8f,0.448308,50-64,Some college/2-yr degree,White,Female,Democrat,South,Not very accurate,Not very trustworthy,Somewhat important,Not likely,Yes,Not very likely,It would be one I would likely choose,It depends on who is asking,FALSE,FALSE,FALSE,447,2025-06-24,2024-076
759jr3qq5amrkady4bhjbm0k,0.940877,30-49,Some college/2-yr degree,White,Male,Democrat,Northeast,Not very accurate,Not very trustworthy,Not very important,Somewhat likely,Maybe,Likely,It would not interest me,Yes,FALSE,FALSE,FALSE,396,2025-06-24,2024-076
b1snzmug9p0tb9qccoskzs63,0.531949,50-64,Some college/2-yr degree,Other,Female,Other or none,South,Somewhat accurate,Somewhat trustworthy,Very important,Somewhat likely,Yes,Not very likely,It would be one I would likely choose,It depends on who is asking,FALSE,FALSE,FALSE,327,2025-07-15,2024-076
zhdaf7v4nuhyk1g6n5a8d1lj,0.840919,50-64,HS or less,Black,Male,Democrat,West,Not very accurate,Not very trustworthy,Somewhat important,Somewhat likely,Maybe,Not very likely,It would be one I would likely choose,Yes,FALSE,FALSE,FALSE,251,2025-06-23,2024-076
dd0b5buuzd87d4900z8d3tui,1.240861,30-49,Some college/2-yr degree,White,Male,Independent,Midwest,Not very accurate,Not at all trustworthy,Not very important,Somewhat likely,Yes,Not at all likely,It would become my preferred incentive offer,It depends on who is asking,FALSE,TRUE,FALSE,105,2025-07-15,2024-076
z6f4e37qx9tu0o8a3lzq32i6,1.135975,18-29,4-yr/post-graduate degree,White,Female,Republican,West,Somewhat accurate,Not very trustworthy,Very important,I would never participate in a phone survey,Yes,Not very likely,It would be one I would likely choose,Yes,FALSE,FALSE,FALSE,348,2025-07-16,2024-076
hma83fp80cy02smes4hgwlre,0.988395,30-49,Some college/2-yr degree,Other,Male,Democrat,West,Not at all accurate,Somewhat trustworthy,Extremely important,I would never participate in a phone survey,Maybe,Not very likely,It would be one I would likely choose,It depends on who is asking,FALSE,FALSE,FALSE,429,2025-06-21,2024-076
