respondent_id,weight,age_group4,education,raceeth,gender,pid_base,region,q28,q29,q30,q31,q32,q33,q34,q35,attention_fail,speeder,straight_line,duration_seconds,completion_date,project_id,device_type
691wzuv3vu2bque7shl25r3n,0.987801,65+,4-yr/post-graduate degree,Hispanic,Male,Independent,Midwest,Very accurate,Somewhat trustworthy,Somewhat important,Somewhat likely,No,Not very likely,It would be one I would likely choose,It depends on who is asking,FALSE,FALSE,FALSE,387,2025-07-05,2024-037,Mobile
eplvpnaxz6h99m7i5oxayzbv,1.288983,30-49,HS or less,White,Male,Other or none,Northeast,Very accurate,Not very trustworthy,Somewhat important,Somewhat likely,Yes,Very likely,It would be one I would likely choose,It depends on who is asking,FALSE,FALSE,FALSE,223,2025-06-27,2024-037,Tablet
ko2x54mq3aon4y6km3inagd3,1.019168,30-49,HS or less,White,Male,Republican,South,Somewhat accurate,Not very trustworthy,Very important,Not likely,Maybe,Not at all likely,It would be one I would likely choose,Yes,FALSE,FALSE,FALSE,314,2025-06-27,2024-037,Mobile
h20h8i76fpf8l141y6h3kydd,1.018422,50-64,4-yr/post-graduate degree,White,Male,Democrat,South,Not very accurate,Somewhat trustworthy,Very important,Not likely,Yes,Very likely,It would be one I would likely choose,Yes,FALSE,FALSE,FALSE,382,2025-06-19,2024-037,Mobile
rmdqtvfe4hxakxvb3x8gylyt,0.839891,18-29,Some college/2-yr degree,White,Male,Independent,Northeast,Somewhat accurate,Very trustworthy,Somewhat important,Somewhat likely,Maybe,Likely,It would become my preferred incentive offer,It depends on who is asking,FALSE,FALSE,FALSE,122,2025-06-30,2024-037,Mobile
1sz4nj2yts0arni9n2r3wq0e,1.071948,50-64,HS or less,Black,Female,Republican,Northeast,Not very accurate,Not very trustworthy,Somewhat important,Not likely,No,Not very likely,It would not interest me,Yes,FALSE,FALSE,FALSE,326,2025-07-16,2024-037,Desktop
5rnt1oycc94ecam9mc83fs5e,1.253626,50-64,4-yr/post-graduate degree,Black,Male,Republican,West,Somewhat accurate,Not very trustworthy,Somewhat important,Somewhat likely,No,Not very likely,It would be one I would likely choose,Yes,FALSE,FALSE,FALSE,339,2025-06-24,2024-037,Mobile
tc1ibnosug7yttkk1kuetkqv,1.478211,18-29,HS or less,Hispanic,Male,Democrat,Northeast,Not at all accurate,Somewhat trustworthy,Not very important,Not likely,Yes,Very likely,It would be one I would likely choose,It depends on who is asking,TRUE,FALSE,FALSE,500,2025-06-30,2024-037,Mobile
yb92in0d4ug2gwqaoqljtaxm,1.414753,18-29,4-yr/post-graduate degree,White,Female,Independent,South,Not very accurate,Somewhat trustworthy,Somewhat important,Very likely,Yes,Likely,It would become my preferred incentive offer,No,FALSE,TRUE,FALSE,90,2025-06-29,2024-037,Mobile
r9expfk38oyab84cqitzixae,0.40441,18-29,Some college/2-yr degree,White,Male,Democrat,West,Somewhat accurate,Not very trustworthy,Not at all important,Very likely,Yes,Not very likely,It would be one I would likely choose,It depends on who is asking,FALSE,FALSE,FALSE,338,2025-07-04,2024-037,Tablet
xlrjnxd5ialq2wr8o07xmehc,1.221009,18-29,4-yr/post-graduate degree,White,Female,Republican,West,Not at all accurate,Not very trustworthy,Not very important,Not likely,Maybe,Not very likely,It would not interest me,No,FALSE,FALSE,FALSE,248,2025-06-28,2024-037,Tablet
htnw509ej34wj5po340lqel3,0.84279,50-64,Some college/2-yr degree,White,Female,Democrat,South,Somewhat accurate,Somewhat trustworthy,Somewhat important,I would never participate in a phone survey,No,Likely,It would become my preferred incentive offer,It depends on who is asking,FALSE,FALSE,FALSE,408,2025-06-21,2024-037,Mobile
niz7lx1fp1vy2mifgh6rv00j,0.874251,18-29,Some college/2-yr degree,White,Female,Independent,South,Somewhat accurate,Somewhat trustworthy,Somewhat important,Very likely,No,Not at all likely,It would be one I would likely choose,No,FALSE,FALSE,TRUE,367,2025-07-11,2024-037,Mobile
k6xqrr26z1npurici5187xot,1.449842,65+,HS or less,Other,Male,Independent,West,Very accurate,Somewhat trustworthy,Very important,I would never participate in a phone survey,No,Not at all likely,It would not interest me,It depends on who is asking,FALSE,FALSE,FALSE,436,2025-06-27,2024-037,Desktop
7knru6pt5h1d8zq70e0e7e2a,1.162544,50-64,4-yr/post-graduate degree,Other,Female,Republican,South,Somewhat accurate,Not at all trustworthy,Not very important,Not likely,Yes,Not at all likely,It would become my preferred incentive offer,It depends on who is asking,FALSE,FALSE,FALSE,269,2025-07-07,2024-037,Tablet
xzew25kzvgwpe6wi6f463kmp,0.648099,18-29,4-yr/post-graduate degree,White,Female,Democrat,South,Somewhat accurate,Very trustworthy,Not very important,Very likely,Yes,Likely,It would be one I would likely choose,It depends on who is asking,TRUE,TRUE,FALSE,114,2025-06-29,2024-037,Tablet
5jqv07e766qmtpfmjii0i393,0.943739,30-49,HS or less,White,Female,Republican,West,Somewhat accurate,Very trustworthy,Somewhat important,Somewhat likely,Maybe,Not very likely,It would be one I would likely choose,It depends on who is asking,FALSE,FALSE,FALSE,392,2025-06-22,2024-037,Mobile
n56jp3gmr0qntljvi25d4w4r,0.939778,50-64,Some college/2-yr degree,White,Female,Democrat,Midwest,Somewhat accurate,Somewhat trustworthy,Not very important,Very likely,Maybe,Likely,It would be one I would likely choose,It depends on who is asking,FALSE,FALSE,FALSE,384,2025-07-12,2024-037,Desktop
edx9cy2t6rf9ypgv3ytjp5hm,1.061845,18-29,Some college/2-yr degree,Hispanic,Female,Republican,Northeast,Not very accurate,Somewhat trustworthy,Somewhat important,Somewhat likely,No,Very likely,It would be one I would likely choose,No,FALSE,FALSE,FALSE,218,2025-07-05,2024-037,Tablet
zn4ygox88ipf9ndrqqsw6gk8,0.581547,30-49,Some college/2-yr degree,White,Male,Independent,West,Not very accurate,Somewhat trustworthy,Somewhat important,I would never participate in a phone survey,Yes,Not at all likely,It would be one I would likely choose,It depends on who is asking,FALSE,FALSE,FALSE,530,2025-07-14,2024-037,Desktop
tqml3ykm3upvmhxtsf5j6id8,1.633987,65+,Some college/2-yr degree,Other,Male,Democrat,South,Not very accurate,Somewhat trustworthy,Not very important,Somewhat likely,Maybe,Not very likely,It would become my preferred incentive offer,It depends on who is asking,FALSE,FALSE,FALSE,273,2025-06-20,2024-037,Mobile
3ax77306sgfqq0cebny7b1hz,0.818302,30-49,4-yr/post-graduate degree,Other,Female,Republican,West,Very accurate,Not very trustworthy,Somewhat important,Somewhat likely,Yes,Very likely,It would be one I would likely choose,It depends on who is asking,FALSE,FALSE,FALSE,326,2025-06-27,2024-037,Tablet
w3py5e6lsepryjbzyevaohw8,0.766653,18-29,HS or less,White,Female,Republican,Midwest,Very accurate,Not at all trustworthy,Somewhat important,Not likely,Yes,Very likely,It would be one I would likely choose,Yes,FALSE,FALSE,FALSE,286,2025-06-19,2024-037,Mobile
tkxr8wszaybftmd3kx236ie3,0.66708,50-64,HS or less,White,Female,Democrat,South,Somewhat accurate,Not very trustworthy,Not very important,I would never participate in a phone survey,Yes,Not at all likely,It would not interest me,No,FALSE,FALSE,FALSE,248,2025-07-01,2024-037,Desktop
lbzfkkigi2sdyamg5urypmfu,1.41319,50-64,Some college/2-yr degree,Black,Male,Independent,South,Not very accurate,Very trustworthy,Not at all important,Not likely,No,Very likely,It would become my preferred incentive offer,It depends on who is asking,TRUE,FALSE,FALSE,246,2025-06-21,2024-037,Desktop
5h8gg6khl17v3hp2mnh4mnkj,0.621655,65+,Some college/2-yr degree,Other,Female,Independent,West,Somewhat accurate,Not at all trustworthy,Somewhat important,I would never participate in a phone survey,No,Very likely,It would become my preferred incentive offer,It depends on who is asking,FALSE,TRUE,FALSE,139,2025-06-25,2024-037,Desktop
hfq4bvdp52cf3sphqprl12v0,0.78296,30-49,Some college/2-yr degree,Hispanic,Male,Democrat,South,Somewhat accurate,Not very trustworthy,Not very important,Somewhat likely,No,Not very likely,It would not interest me,No,FALSE,FALSE,FALSE,359,2025-06-21,2024-037,Tablet
cbxw194araddj8pbnc4j47wk,0.971785,50-64,Some college/2-yr degree,White,Female,Independent,West,Somewhat accurate,Not at all trustworthy,Very important,Somewhat likely,No,Likely,It would become my preferred incentive offer,It depends on who is asking,FALSE,FALSE,FALSE,338,2025-07-07,2024-037,Desktop
difed6clw5ee4ocdh98afgvm,1.100615,50-64,HS or less,Other,Male,Democrat,Midwest,Somewhat accurate,Somewhat trustworthy,Not very important,Very likely,Maybe,Not at all likely,It would become my preferred incentive offer,Yes,FALSE,FALSE,FALSE,252,2025-07-10,2024-037,Tablet
97emk1zy9gpfpyhm15bg4s0h,1.142379,65+,4-yr/post-graduate degree,White,Female,Republican,Northeast,Somewhat accurate,Somewhat trustworthy,Somewhat important,Not likely,Maybe,Likely,It would be one I would likely choose,It depends on who is asking,FALSE,FALSE,FALSE,279,2025-07-08,2024-037,Mobile
waljt29rqefjiz47dw093j9d,1.022203,50-64,4-yr/post-graduate degree,White,Female,Independent,West,Not very accurate,Somewhat trustworthy,Somewhat important,Not likely,No,Not very likely,It would be one I would likely choose,Yes,FALSE,FALSE,FALSE,349,2025-07-08,2024-037,Tablet
4wumnk7p3exme31thioarsgy,0.854156,30-49,4-yr/post-graduate degree,Hispanic,Female,Republican,Midwest,Somewhat accurate,Somewhat trustworthy,Very important,Not likely,Maybe,Very likely,It would be one I would likely choose,It depends on who is asking,TRUE,FALSE,FALSE,335,2025-07-11,2024-037,Mobile
9v0k8ogsegl2vj5duhxmnc35,0.800156,30-49,Some college/2-yr degree,White,Female,Independent,South,Somewhat accurate,Somewhat trustworthy,Somewhat important,Not likely,Yes,Not at all likely,It would be one I would likely choose,Yes,FALSE,FALSE,FALSE,386,2025-07-03,2024-037,Tablet
a9oblysq6tu84kkee2wctvhe,1.353159,30-49,HS or less,White,Male,Republican,South,Somewhat accurate,Not very trustworthy,Very important,Not likely,Maybe,Not very likely,It would become my preferred incentive offer,It depends on who is asking,FALSE,TRUE,FALSE,157,2025-07-08,2024-037,Desktop
xsbcfkrxd1zrq9asrbxsc9b8,0.78462,50-64,HS or less,Hispanic,Female,Democrat,Northeast,Not at all accurate,Not very trustworthy,Very important,Somewhat likely,Yes,Likely,It would become my preferred incentive offer,No,FALSE,FALSE,FALSE,195,2025-06-18,2024-037,Desktop
f1zbhbrs5dk9q581lh65g83t,1.283539,30-49,Some college/2-yr degree,White,Female,Republican,South,Somewhat accurate,Somewhat trustworthy,Somewhat important,Somewhat likely,Yes,Not very likely,It would be one I would likely choose,No,FALSE,FALSE,FALSE,298,2025-07-02,2024-037,Desktop
71d0352o4rvbk5s5hs7o6vnk,0.707457,50-64,Some college/2-yr degree,White,Male,Democrat,Midwest,Very accurate,Somewhat trustworthy,Not very important,Somewhat likely,No,Not very likely,It would not interest me,Yes,FALSE,FALSE,FALSE,323,2025-07-04,2024-037,Mobile
dz3lp0iu0oti3cmzslg5a57b,1.008744,50-64,4-yr/post-graduate degree,Other,Male,Democrat,South,Somewhat accurate,Very trustworthy,Very important,Very likely,Yes,Very likely,It would become my preferred incentive offer,No,FALSE,FALSE,FALSE,351,2025-06-24,2024-037,Desktop
55f5zjh93yy5u7892pcej40j,0.760983,50-64,Some college/2-yr degree,Hispanic,Male,Independent,West,Somewhat accurate,Somewhat trustworthy,Not very important,I would never participate in a phone survey,Yes,Very likely,It would become my preferred incentive offer,It depends on who is asking,FALSE,FALSE,FALSE,335,2025-06-24,2024-037,Mobile
hz4azma3isl46o32a70l37ui,1.238745,65+,HS or less,Black,Female,Democrat,Northeast,Somewhat accurate,Somewhat trustworthy,Not very important,Very likely,No,Likely,It would not interest me,No,FALSE,FALSE,FALSE,369,2025-06-27,2024-037,Tablet
29io8v9sn4dr0rfvp907bndk,0.585656,65+,4-yr/post-graduate degree,White,Female,Independent,South,Very accurate,Not very trustworthy,Very important,I would never participate in a phone survey,Maybe,Not at all likely,It would be one I would likely choose,It depends on who is asking,FALSE,FALSE,FALSE,259,2025-06-29,2024-037,Tablet
l0sjb498nc8wx4903lmzvjkr,1.078283,18-29,HS or less,Black,Female,Independent,South,Not very accurate,Not very trustworthy,Not very important,Somewhat likely,Maybe,Not very likely,It would not interest me,No,FALSE,FALSE,TRUE,312,2025-06-28,2024-037,Tablet
mn6xexy68wxfa0i0usblbf1e,0.611871,30-49,4-yr/post-graduate degree,Hispanic,Male,Republican,Northeast,Not very accurate,Not very trustworthy,Somewhat important,Somewhat likely,Yes,Not very likely,It would be one I would likely choose,It depends on who is asking,FALSE,FALSE,FALSE,409,2025-07-15,2024-037,Mobile
nhr4j0i0l94z5kd9crmm4l81,0.961579,18-29,HS or less,White,Male,Democrat,Midwest,Not very accurate,Somewhat trustworthy,Very important,Not likely,Maybe,Not at all likely,It would be one I would likely choose,It depends on who is asking,FALSE,FALSE,FALSE,225,2025-07-09,2024-037,Mobile
ey9otzjvrge4yjzwgfmsiqqq,0.945938,18-29,4-yr/post-graduate degree,Other,Other,Republican,South,Somewhat accurate,Not very trustworthy,Very important,Somewhat likely,Maybe,Very likely,It would not interest me,It depends on who is asking,FALSE,TRUE,FALSE,170,2025-06-22,2024-037,Desktop
axdbk0qe8ga9t0g0cj5h138o,0.737736,30-49,Some college/2-yr degree,White,Male,Democrat,Midwest,Somewhat accurate,Not very trustworthy,Not very important,I would never participate in a phone survey,Yes,Likely,It would become my preferred incentive offer,No,FALSE,FALSE,FALSE,198,2025-06-30,2024-037,Desktop
tep17zfq388fxvfyizdhha0z,0.897044,30-49,Some college/2-yr degree,White,Male,Democrat,South,Very accurate,Not very trustworthy,Somewhat important,Somewhat likely,No,Not very likely,It would be one I would likely choose,It depends on who is asking,FALSE,FALSE,FALSE,295,2025-06-22,2024-037,Mobile
avvqzz33z1hth7j7821myq04,1.486419,50-64,Some college/2-yr degree,Hispanic,Female,Republican,Midwest,Somewhat accurate,Somewhat trustworthy,Very important,Not likely,Maybe,Not very likely,It would be one I would likely choose,It depends on who is asking,FALSE,FALSE,FALSE,344,2025-06-20,2024-037,Mobile
6hiv0bvjho5o7t2hyxlpjr0r,0.860253,30-49,4-yr/post-graduate degree,Hispanic,Female,Republican,West,Not very accurate,Somewhat trustworthy,Not very important,Not likely,Yes,Not very likely,It would become my preferred incentive offer,Yes,FALSE,FALSE,FALSE,349,2025-06-18,2024-037,Tablet
pdu1lzssgsykkycqszdy3c9z,1.331992,50-64,HS or less,White,Female,Independent,South,Not at all accurate,Somewhat trustworthy,Extremely important,Somewhat likely,Maybe,Not very likely,It would be one I would likely choose,It depends on who is asking,FALSE,FALSE,FALSE,316,2025-07-11,2024-037,Desktop
mjtwm0xef0wilvo4llnswvoy,0.878167,50-64,4-yr/post-graduate degree,White,Female,Democrat,Midwest,Not very accurate,Somewhat trustworthy,Somewhat important,Not likely,Yes,Not very likely,It would become my preferred incentive offer,Yes,FALSE,FALSE,FALSE,500,2025-07-06,2024-037,Mobile
aco9psbq2afynn9jfyg77m4i,0.5363,30-49,Some college/2-yr degree,Hispanic,Male,Other or none,Northeast,Not at all accurate,Not very trustworthy,Very important,Not likely,Yes,Not very likely,It would be one I would likely choose,It depends on who is asking,FALSE,FALSE,FALSE,377,2025-06-24,2024-037,Desktop
e24aodl5x573nfwti83mqe4y,0.796951,65+,Some college/2-yr degree,White,Male,Republican,Midwest,Very accurate,Somewhat trustworthy,Somewhat important,Not likely,Maybe,Likely,It would be one I would likely choose,No,FALSE,FALSE,TRUE,341,2025-07-06,2024-037,Desktop
ffavjelqufy63d4amuqbnrdz,1.184973,18-29,Some college/2-yr degree,White,Male,Democrat,Northeast,Not at all accurate,Somewhat trustworthy,Somewhat important,Not likely,Maybe,Very likely,It would be one I would likely choose,It depends on who is asking,FALSE,FALSE,FALSE,400,2025-07-01,2024-037,Mobile
4yvj99ykpanmauntyf19kxit,0.887773,65+,HS or less,White,Male,Republican,Midwest,Very accurate,Very trustworthy,Very important,Somewhat likely,Yes,Likely,It would be one I would likely choose,It depends on who is asking,FALSE,FALSE,FALSE,372,2025-07-16,2024-037,Desktop
bbdr5bkfl2mbyjhsrwezdo65,1.213544,65+,HS or less,White,Female,Independent,South,Very accurate,Very trustworthy,Not very important,Not likely,Maybe,Not very likely,It would become my preferred incentive offer,It depends on who is asking,FALSE,FALSE,FALSE,476,2025-07-05,2024-037,Mobile
okd5vykm5r74w9ht7ih4i5nt,1.073836,50-64,HS or less,Black,Male,Democrat,Midwest,Somewhat accurate,Somewhat trustworthy,Very important,I would never participate in a phone survey,Yes,Not very likely,It would be one I would likely choose,No,FALSE,FALSE,FALSE,338,2025-07-07,2024-037,Desktop
747r0an65kfq6ktk76lvfhjn,0.419513,30-49,Some college/2-yr degree,White,Female,Other or none,Northeast,Not very accurate,Somewhat trustworthy,Very important,I would never participate in a phone survey,Maybe,Not at all likely,It would be one I would likely choose,Yes,FALSE,FALSE,FALSE,160,2025-06-18,2024-037,Mobile
p4bmxlve5jekiebfyf8jv6pq,1.102318,50-64,4-yr/post-graduate degree,White,Male,Independent,Midwest,Somewhat accurate,Very trustworthy,Very important,I would never participate in a phone survey,Yes,Very likely,It would be one I would likely choose,Yes,FALSE,FALSE,FALSE,359,2025-06-22,2024-037,Desktop
je2mz7dnu1zp6u89kzmpf1ci,0.788736,18-29,HS or less,White,Male,Republican,West,Somewhat accurate,Not very trustworthy,Very important,Very likely,Yes,Likely,It would be one I would likely choose,No,TRUE,FALSE,FALSE,470,2025-07-01,2024-037,Desktop
luhehiuawhsip9u2cbbdtns6,0.939346,50-64,Some college/2-yr degree,White,Other,Republican,Midwest,Somewhat accurate,Not very trustworthy,Somewhat important,I would never participate in a phone survey,Yes,Likely,It would be one I would likely choose,Yes,FALSE,FALSE,FALSE,342,2025-06-25,2024-037,Tablet
m9vtnd3o0id5vu2x500v9ltd,1.741999,65+,HS or less,White,Male,Independent,West,Somewhat accurate,Not at all trustworthy,Extremely important,Not likely,Maybe,Likely,It would not interest me,No,FALSE,FALSE,FALSE,325,2025-07-15,2024-037,Mobile
tsiuhd5nnwyct7yx1b49u3hu,0.861048,65+,4-yr/post-graduate degree,Other,Male,Republican,West,Not at all accurate,Very trustworthy,Somewhat important,I would never participate in a phone survey,Maybe,Not at all likely,It would be one I would likely choose,It depends on who is asking,FALSE,FALSE,FALSE,291,2025-07-02,2024-037,Mobile
ry6e1m2cxw7wzadr77faw1nv,1.376448,30-49,4-yr/post-graduate degree,White,Male,Democrat,South,Not at all accurate,Very trustworthy,Very important,Somewhat likely,Yes,Very likely,It would be one I would likely choose,It depends on who is asking,FALSE,FALSE,FALSE,365,2025-07-01,2024-037,Tablet
04fz0w9v2j8qzbvty8lr02jo,0.841297,18-29,Some college/2-yr degree,White,Female,Democrat,Midwest,Somewhat accurate,Not very trustworthy,Very important,Somewhat likely,No,Not very likely,It would be one I would likely choose,It depends on who is asking,FALSE,FALSE,FALSE,507,2025-06-27,2024-037,Desktop
1p7y2zs47ddtqdeu7l2k5loi,1.054067,65+,4-yr/post-graduate degree,Hispanic,Male,Democrat,South,Not very accurate,Somewhat trustworthy,Very important,Not likely,Yes,Not very likely,It would be one I would likely choose,Yes,FALSE,FALSE,FALSE,435,2025-06-20,2024-037,Tablet
rlzwuvv69y0w1uf0kb1dj3nz,1.231379,65+,Some college/2-yr degree,Black,Male,Democrat,Northeast,Not at all accurate,Very trustworthy,Very important,Very likely,Yes,Not very likely,It would not interest me,It depends on who is asking,FALSE,FALSE,FALSE,375,2025-07-08,2024-037,Tablet
6iz2hmb80736gd1mfj8drt5m,0.590753,30-49,4-yr/post-graduate degree,White,Female,Republican,South,Somewhat accurate,Somewhat trustworthy,Very important,Not likely,Maybe,Not at all likely,It would be one I would likely choose,It depends on who is asking,FALSE,FALSE,FALSE,284,2025-06-21,2024-037,Mobile
ui558h7xhwdfu4esdvx7v66i,0.879136,50-64,Some college/2-yr degree,Other,Female,Other or none,South,Not at all accurate,Somewhat trustworthy,Very important,Not likely,Yes,Very likely,It would not interest me,It depends on who is asking,FALSE,FALSE,FALSE,409,2025-07-05,2024-037,Desktop
r6mexrpwnsvqe3hhz441fmyk,1.146355,50-64,HS or less,White,Male,Other or none,West,Somewhat accurate,Somewhat trustworthy,Very important,Somewhat likely,Yes,Not at all likely,It would become my preferred incentive offer,It depends on who is asking,FALSE,FALSE,FALSE,373,2025-06-28,2024-037,Mobile
3lm0nlncy6lnee1dutmcdz9o,0.940834,65+,4-yr/post-graduate degree,White,Male,Republican,West,Not very accurate,Somewhat trustworthy,Somewhat important,Somewhat likely,Maybe,Not at all likely,It would be one I would likely choose,Yes,FALSE,FALSE,FALSE,392,2025-06-19,2024-037,Tablet
8lqtd67ijzafct1x3erocakh,1.144155,18-29,Some college/2-yr degree,White,Male,Independent,West,Not very accurate,Not very trustworthy,Not very important,Very likely,Yes,Not very likely,It would become my preferred incentive offer,Yes,TRUE,FALSE,FALSE,375,2025-06-26,2024-037,Mobile
6hvf9ckrb1sha01xuotkdbxx,0.994409,65+,Some college/2-yr degree,White,Female,Independent,Midwest,Not very accurate,Somewhat trustworthy,Not at all important,Somewhat likely,Yes,Likely,It would not interest me,It depends on who is asking,FALSE,FALSE,FALSE,289,2025-07-04,2024-037,Tablet
wz13nwr8m3t1nvo9jbmctx8w,1.17702,50-64,4-yr/post-graduate degree,White,Male,Independent,South,Somewhat accurate,Very trustworthy,Somewhat important,Somewhat likely,Yes,Not very likely,It would be one I would likely choose,It depends on who is asking,FALSE,FALSE,FALSE,202,2025-06-25,2024-037,Desktop
qvte4akiio6xyi8krf89o7mb,0.934387,18-29,HS or less,White,Male,Republican,South,Somewhat accurate,Not very trustworthy,Not very important,I would never participate in a phone survey,No,Not very likely,It would become my preferred incentive offer,It depends on who is asking,FALSE,TRUE,FALSE,88,2025-06-24,2024-037,Desktop
v7798m6pzfm84lclxltvlgna,0.929821,30-49,Some college/2-yr degree,White,Female,Republican,South,Somewhat accurate,Very trustworthy,Not very important,I would never participate in a phone survey,Maybe,Not very likely,It would be one I would likely choose,It depends on who is asking,FALSE,FALSE,TRUE,288,2025-07-10,2024-037,Mobile
hv97k7e0b3qxgfhlg3eh45u1,1.284186,18-29,4-yr/post-graduate degree,White,Male,Democrat,South,Somewhat accurate,Not at all trustworthy,Not very important,Somewhat likely,Yes,Not at all likely,It would be one I would likely choose,Yes,FALSE,FALSE,FALSE,401,2025-07-07,2024-037,Tablet
wjeflfa9de701uesmu6rzpsi,1.059561,18-29,4-yr/post-graduate degree,Other,Female,Democrat,South,Somewhat accurate,Somewhat trustworthy,Somewhat important,Very likely,No,Not very likely,It would become my preferred incentive offer,No,FALSE,TRUE,FALSE,110,2025-06-18,2024-037,Desktop
01dng0v1plguib42e6hlj192,0.861773,30-49,Some college/2-yr degree,White,Female,Independent,South,Somewhat accurate,Not at all trustworthy,Not very important,Somewhat likely,Maybe,Likely,It would be one I would likely choose,Yes,FALSE,FALSE,FALSE,284,2025-07-01,2024-037,Mobile
jchd3l5rx39rwkmeaclm6imj,0.916334,30-49,Some college/2-yr degree,Hispanic,Female,Democrat,Midwest,Not very accurate,Not very trustworthy,Very important,Not likely,No,Not at all likely,It would be one I would likely choose,It depends on who is asking,FALSE,FALSE,FALSE,501,2025-07-16,2024-037,Tablet
oouuos3sy8pwziiod2hjdszb,1.155502,30-49,Some college/2-yr degree,Hispanic,Male,Other or none,Midwest,Very accurate,Not very trustworthy,Very important,Not likely,Yes,Not very likely,It would not interest me,Yes,TRUE,FALSE,FALSE,392,2025-07-05,2024-037,Mobile
hehxdun3c7m7mfaom8ck8a8k,0.91118,30-49,Some college/2-yr degree,White,Female,Democrat,Northeast,Somewhat accurate,Somewhat trustworthy,Not very important,Not likely,No,Not at all likely,It would become my preferred incentive offer,No,FALSE,FALSE,FALSE,324,2025-07-05,2024-037,Desktop
18pjrny0xh1k3udwtbqigvgk,0.838647,30-49,HS or less,White,Female,Republican,West,Very accurate,Not at all trustworthy,Somewhat important,Somewhat likely,Yes,Likely,It would be one I would likely choose,It depends on who is asking,FALSE,TRUE,TRUE,106,2025-07-03,2024-037,Mobile
yw77y14ktnsvdkqhnijl07xg,1.091176,65+,4-yr/post-graduate degree,Other,Male,Democrat,Midwest,Somewhat accurate,Very trustworthy,Not very important,Not likely,Yes,Not very likely,It would be one I would likely choose,It depends on who is asking,FALSE,FALSE,FALSE,347,2025-06-21,2024-037,Desktop
omvldjjpllaaailbh1l9avk3,0.87643,30-49,HS or less,White,Female,Republican,Northeast,Somewhat accurate,Somewhat trustworthy,Extremely important,Not likely,Maybe,Likely,It would be one I would likely choose,It depends on who is asking,FALSE,FALSE,FALSE,411,2025-07-08,2024-037,Tablet
63nj9e4w6ou2e51w0wffmnx9,1.170705,30-49,4-yr/post-graduate degree,Black,Male,Republican,South,Somewhat accurate,Somewhat trustworthy,Very important,Somewhat likely,Yes,Not very likely,It would become my preferred incentive offer,Yes,FALSE,FALSE,FALSE,366,2025-07-13,2024-037,Tablet
nnc09dbv2jwcgb49jqmypsc9,1.192632,18-29,4-yr/post-graduate degree,Black,Female,Democrat,West,Somewhat accurate,Not very trustworthy,Somewhat important,Not likely,Yes,Not very likely,It would become my preferred incentive offer,No,FALSE,TRUE,FALSE,74,2025-06-17,2024-037,Tablet
p6js7tpqcttbla0aw4bn66s2,0.83059,30-49,Some college/2-yr degree,White,Female,Democrat,South,Somewhat accurate,Somewhat trustworthy,Not very important,Not likely,Yes,Not very likely,It would become my preferred incentive offer,Yes,TRUE,FALSE,FALSE,341,2025-07-15,2024-037,Tablet
pkqaidljb02u2d8ffnrbpc7x,1.58902,30-49,4-yr/post-graduate degree,White,Female,Democrat,South,Somewhat accurate,Somewhat trustworthy,Somewhat important,I would never participate in a phone survey,Yes,Not very likely,It would become my preferred incentive offer,Yes,FALSE,FALSE,FALSE,367,2025-06-19,2024-037,Desktop
w1rh5vl6x5rwef24c35qm0u7,0.521518,65+,4-yr/post-graduate degree,White,Female,Independent,Midwest,Not very accurate,Very trustworthy,Very important,Somewhat likely,Yes,Likely,It would be one I would likely choose,No,FALSE,FALSE,FALSE,308,2025-07-15,2024-037,Mobile
r5tuvrw1at45c38v9wb37b69,0.486338,30-49,Some college/2-yr degree,White,Male,Republican,West,Very accurate,Very trustworthy,Somewhat important,Somewhat likely,Maybe,Likely,It would not interest me,It depends on who is asking,FALSE,FALSE,FALSE,293,2025-07-04,2024-037,Mobile
ezh11gs6ngya5pw6dny4w1mr,0.813596,18-29,HS or less,Hispanic,Male,Democrat,West,Somewhat accurate,Somewhat trustworthy,Not at all important,Not likely,Yes,Not very likely,It would be one I would likely choose,No,FALSE,FALSE,FALSE,307,2025-06-21,2024-037,Tablet
1qcx9l56ordlsuseh63o5ab2,1.027601,30-49,Some college/2-yr degree,White,Male,Other or none,West,Not very accurate,Not very trustworthy,Not very important,Somewhat likely,Yes,Likely,It would be one I would likely choose,It depends on who is asking,FALSE,FALSE,FALSE,246,2025-07-14,2024-037,Desktop
lumxtm1qp38u30yvnn6udu5b,1.056457,18-29,Some college/2-yr degree,Hispanic,Female,Democrat,Midwest,Very accurate,Somewhat trustworthy,Somewhat important,Not likely,Yes,Not at all likely,It would not interest me,It depends on who is asking,TRUE,FALSE,FALSE,356,2025-07-01,2024-037,Mobile
yxj9nvzns31v00sd51p9vpat,1.341956,30-49,4-yr/post-graduate degree,Other,Male,Republican,South,Very accurate,Very trustworthy,Not very important,Not likely,No,Very likely,It would be one I would likely choose,It depends on who is asking,FALSE,FALSE,FALSE,571,2025-07-13,2024-037,Desktop
ur5mll5gqblmaicxofkowba5,1.002879,30-49,4-yr/post-graduate degree,White,Male,Republican,West,Not at all accurate,Very trustworthy,Very important,Very likely,Maybe,Very likely,It would be one I would likely choose,It depends on who is asking,TRUE,FALSE,FALSE,374,2025-07-05,2024-037,Desktop
plozg57kaavy13er7jqyhr1b,0.751792,30-49,Some college/2-yr degree,Other,Female,Independent,South,Somewhat accurate,Not very trustworthy,Very important,Very likely,Maybe,Not very likely,It would become my preferred incentive offer,It depends on who is asking,FALSE,FALSE,TRUE,432,2025-07-17,2024-037,Desktop
70rdyexq818td70dny55yasw,0.387999,50-64,Some college/2-yr degree,Hispanic,Male,Republican,West,Not very accurate,Somewhat trustworthy,Not very important,Very likely,Yes,Likely,It would not interest me,Yes,FALSE,FALSE,FALSE,306,2025-07-16,2024-037,Tablet
t5skrutgyi2z1wio63xfiilb,0.742167,50-64,Some college/2-yr degree,White,Male,Democrat,West,Somewhat accurate,Somewhat trustworthy,Somewhat important,Somewhat likely,Yes,Likely,It would become my preferred incentive offer,It depends on who is asking,FALSE,FALSE,FALSE,302,2025-07-05,2024-037,Tablet
teddblezx09u8bhy83ten6xs,0.724076,50-64,Some college/2-yr degree,White,Female,Republican,Midwest,Not very accurate,Somewhat trustworthy,Somewhat important,Somewhat likely,Yes,Not at all likely,It would be one I would likely choose,Yes,FALSE,FALSE,FALSE,377,2025-07-10,2024-037,Desktop
28af7uixav04m8e5fulr7xn4,0.929108,50-64,Some college/2-yr degree,White,Female,Democrat,Midwest,Not very accurate,Very trustworthy,Not very important,Not likely,Maybe,Very likely,It would be one I would likely choose,It depends on who is asking,FALSE,FALSE,FALSE,419,2025-06-18,2024-037,Tablet
54puzqsbsna1d1pz7lql5vzj,0.707311,65+,HS or less,White,Female,Democrat,South,Somewhat accurate,Not very trustworthy,Not very important,Somewhat likely,Yes,Not very likely,It would not interest me,Yes,FALSE,FALSE,FALSE,211,2025-06-27,2024-037,Tablet
3k14l81051kbajsokkmkh5ck,1.23516,18-29,4-yr/post-graduate degree,White,Female,Republican,West,Not at all accurate,Somewhat trustworthy,Somewhat important,Somewhat likely,Yes,Not at all likely,It would become my preferred incentive offer,Yes,FALSE,TRUE,FALSE,90,2025-07-13,2024-037,Mobile
f7mk31vqebvrdwts3tidpbpc,0.421956,50-64,Some college/2-yr degree,White,Male,Democrat,West,Somewhat accurate,Somewhat trustworthy,Somewhat important,Not likely,Yes,Very likely,It would be one I would likely choose,It depends on who is asking,FALSE,FALSE,FALSE,386,2025-06-19,2024-037,Desktop
mtjbhpn2gcddojkdp5xpgl87,0.726066,65+,4-yr/post-graduate degree,White,Male,Republican,West,Not very accurate,Not at all trustworthy,Somewhat important,I would never participate in a phone survey,Maybe,Not at all likely,It would be one I would likely choose,No,FALSE,FALSE,FALSE,335,2025-07-04,2024-037,Desktop
q8x1d5b1z9yjl8paii6chukb,1.427825,50-64,HS or less,Black,Male,Republican,Midwest,Somewhat accurate,Somewhat trustworthy,Not very important,Somewhat likely,Maybe,Very likely,It would become my preferred incentive offer,It depends on who is asking,FALSE,FALSE,FALSE,289,2025-06-29,2024-037,Tablet
9pex5mc05h9j1y5ptj75y512,0.859233,18-29,HS or less,White,Female,Republican,South,Not very accurate,Somewhat trustworthy,Very important,Not likely,Yes,Not very likely,It would not interest me,No,FALSE,FALSE,FALSE,319,2025-06-22,2024-037,Mobile
bsigdwzw9l902zmjnojx0aux,1.471631,18-29,4-yr/post-graduate degree,White,Male,Democrat,South,Somewhat accurate,Not very trustworthy,Not at all important,I would never participate in a phone survey,Maybe,Very likely,It would become my preferred incentive offer,No,FALSE,FALSE,FALSE,473,2025-06-20,2024-037,Mobile
wkyt4edomicmpuptygzkbhu3,0.555948,65+,Some college/2-yr degree,White,Male,Democrat,South,Somewhat accurate,Not at all trustworthy,Not at all important,Very likely,Maybe,Not very likely,It would be one I would likely choose,It depends on who is asking,FALSE,FALSE,FALSE,392,2025-06-26,2024-037,Mobile
nzr3xp24p0k23q80zraik82g,1.079589,18-29,Some college/2-yr degree,Hispanic,Female,Democrat,South,Not very accurate,Not very trustworthy,Somewhat important,Very likely,Yes,Not very likely,It would be one I would likely choose,No,FALSE,FALSE,FALSE,131,2025-06-21,2024-037,Mobile
23znp5dngjo7muy61sde2c9u,1.048885,50-64,4-yr/post-graduate degree,Other,Male,Republican,South,Somewhat accurate,Very trustworthy,Somewhat important,I would never participate in a phone survey,Maybe,Very likely,It would not interest me,Yes,FALSE,FALSE,FALSE,322,2025-07-02,2024-037,Desktop
4b3zfuqbdz81ysgh4tnv26cp,1.176632,65+,HS or less,White,Male,Independent,West,Not at all accurate,Somewhat trustworthy,Not at all important,Somewhat likely,No,Not at all likely,It would be one I would likely choose,It depends on who is asking,FALSE,FALSE,FALSE,411,2025-07-06,2024-037,Desktop
7rcoo3ddd32ekzdbbcg9sb5y,0.734434,65+,Some college/2-yr degree,White,Male,Democrat,South,Somewhat accurate,Somewhat trustworthy,Not at all important,Not likely,Yes,Likely,It would be one I would likely choose,It depends on who is asking,FALSE,FALSE,FALSE,298,2025-06-21,2024-037,Mobile
qbyrowyskjcpzaxcebb8p8vp,0.692249,30-49,HS or less,Other,Male,Independent,Midwest,Somewhat accurate,Somewhat trustworthy,Somewhat important,Not likely,Maybe,Not very likely,It would not interest me,It depends on who is asking,FALSE,FALSE,TRUE,369,2025-07-15,2024-037,Mobile
ipulz216gei33augep8x7txi,0.87707,65+,Some college/2-yr degree,White,Male,Independent,West,Somewhat accurate,Somewhat trustworthy,Not very important,Somewhat likely,No,Likely,It would become my preferred incentive offer,It depends on who is asking,FALSE,FALSE,FALSE,409,2025-07-04,2024-037,Tablet
9c7r4l5o9kzt3iyo5weo1dze,1.16682,50-64,HS or less,Other,Male,Independent,Northeast,Not very accurate,Not very trustworthy,Very important,Not likely,Yes,Very likely,It would not interest me,No,FALSE,FALSE,FALSE,206,2025-07-02,2024-037,Desktop
46ty2x4i2xw12jdvzg8dqjmw,1.020182,30-49,HS or less,Black,Male,Democrat,South,Not very accurate,Very trustworthy,Very important,I would never participate in a phone survey,Maybe,Not at all likely,It would not interest me,Yes,FALSE,FALSE,FALSE,213,2025-06-20,2024-037,Desktop
l0htypqai7nh202fdfr0u5sp,1.127606,50-64,HS or less,White,Female,Independent,Midwest,Not at all accurate,Somewhat trustworthy,Not at all important,I would never participate in a phone survey,Yes,Likely,It would become my preferred incentive offer,No,FALSE,FALSE,FALSE,393,2025-06-17,2024-037,Tablet
eysa0lutp31v0hn8ho36q8ke,0.914335,65+,Some college/2-yr degree,White,Female,Independent,West,Not very accurate,Not very trustworthy,Very important,I would never participate in a phone survey,No,Not at all likely,It would become my preferred incentive offer,It depends on who is asking,FALSE,FALSE,FALSE,359,2025-07-12,2024-037,Mobile
0849sq02d8n2wg5nuxtiab0o,1.012443,30-49,HS or less,White,Male,Other or none,South,Somewhat accurate,Somewhat trustworthy,Very important,Somewhat likely,Maybe,Very likely,It would not interest me,It depends on who is asking,FALSE,FALSE,FALSE,237,2025-06-21,2024-037,Desktop
zo2568bhxhlicjoconw6b6j2,1.251311,30-49,HS or less,White,Female,Republican,Midwest,Somewhat accurate,Not very trustworthy,Somewhat important,I would never participate in a phone survey,Maybe,Likely,It would be one I would likely choose,No,FALSE,TRUE,FALSE,159,2025-07-15,2024-037,Desktop
zn34ezq0zi1i95b34nfhzo9o,0.870485,65+,HS or less,White,Female,Republican,South,Somewhat accurate,Not at all trustworthy,Somewhat important,Somewhat likely,Yes,Likely,It would not interest me,Yes,FALSE,FALSE,TRUE,348,2025-07-17,2024-037,Tablet
9n93997byo2kkykt1ebsal0b,0.942126,50-64,Some college/2-yr degree,Black,Female,Republican,Midwest,Very accurate,Somewhat trustworthy,Not very important,Very likely,Maybe,Very likely,It would become my preferred incentive offer,Yes,FALSE,FALSE,FALSE,377,2025-07-12,2024-037,Tablet
9wl5qo5jozdi78t6qypqv84e,0.759106,50-64,HS or less,Hispanic,Female,Other or none,South,Not very accurate,Somewhat trustworthy,Somewhat important,Not likely,Yes,Not at all likely,It would become my preferred incentive offer,Yes,FALSE,FALSE,FALSE,444,2025-06-17,2024-037,Mobile
jrkpdcys4aohyec25lj1rmox,1.0304,50-64,Some college/2-yr degree,Hispanic,Female,Democrat,South,Not at all accurate,Somewhat trustworthy,Not very important,Not likely,Yes,Very likely,It would be one I would likely choose,Yes,FALSE,FALSE,FALSE,468,2025-06-29,2024-037,Mobile
9zqgcoui1g9gfi8wkq4j4h88,1.022337,50-64,4-yr/post-graduate degree,White,Female,Independent,South,Not very accurate,Not very trustworthy,Not very important,Not likely,Yes,Not very likely,It would not interest me,It depends on who is asking,FALSE,FALSE,FALSE,444,2025-07-03,2024-037,Mobile
jus20x4zk5gvs77chx3erc02,0.51935,18-29,Some college/2-yr degree,White,Female,Democrat,South,Not very accurate,Not at all trustworthy,Somewhat important,Not likely,No,Not very likely,It would be one I would likely choose,It depends on who is asking,TRUE,FALSE,FALSE,298,2025-07-07,2024-037,Desktop
m0sz7p9ss8n13mqlvrxrg9nr,1.044847,65+,Some college/2-yr degree,White,Male,Republican,South,Somewhat accurate,Somewhat trustworthy,Not very important,Not likely,Yes,Not at all likely,It would become my preferred incentive offer,It depends on who is asking,FALSE,FALSE,FALSE,334,2025-07-02,2024-037,Mobile
x2q0rci4412tztzaw4zyve20,0.730243,50-64,4-yr/post-graduate degree,White,Female,Democrat,South,Very accurate,Somewhat trustworthy,Not very important,Not likely,Yes,Likely,It would be one I would likely choose,It depends on who is asking,FALSE,FALSE,FALSE,397,2025-07-08,2024-037,Tablet
sm9qzlllzcr4797pqszxv8yf,0.740902,30-49,Some college/2-yr degree,Hispanic,Female,Republican,Midwest,Somewhat accurate,Not very trustworthy,Very important,Somewhat likely,Yes,Very likely,It would be one I would likely choose,Yes,FALSE,FALSE,FALSE,260,2025-07-16,2024-037,Desktop
j6560gmuyadjey0gwhh8ai83,0.868021,65+,HS or less,Hispanic,Male,Republican,Midwest,Somewhat accurate,Not very trustworthy,Not very important,Very likely,Yes,Likely,It would become my preferred incentive offer,It depends on who is asking,FALSE,FALSE,FALSE,315,2025-06-18,2024-037,Mobile
saggmi3sehunhmppz2fbu2wm,0.477295,50-64,4-yr/post-graduate degree,White,Male,Republican,South,Not at all accurate,Somewhat trustworthy,Somewhat important,I would never participate in a phone survey,Yes,Not at all likely,It would be one I would likely choose,It depends on who is asking,FALSE,FALSE,FALSE,418,2025-06-30,2024-037,Mobile
xzrbembi8qrv08vi5jmkhmq3,0.629647,65+,Some college/2-yr degree,White,Female,Republican,South,Somewhat accurate,Somewhat trustworthy,Very important,Very likely,No,Likely,It would become my preferred incentive offer,It depends on who is asking,FALSE,FALSE,TRUE,312,2025-07-13,2024-037,Desktop
j279nefrt6rktrnfscvmvc8i,1.12454,65+,Some college/2-yr degree,White,Female,Democrat,South,Very accurate,Somewhat trustworthy,Very important,Very likely,Maybe,Not at all likely,It would not interest me,It depends on who is asking,FALSE,FALSE,FALSE,472,2025-06-27,2024-037,Mobile
r6sm6dhej0m7jn18s8hn4a32,0.65764,18-29,4-yr/post-graduate degree,White,Female,Independent,Midwest,Somewhat accurate,Somewhat trustworthy,Somewhat important,Very likely,Maybe,Likely,It would be one I would likely choose,It depends on who is asking,FALSE,FALSE,FALSE,345,2025-06-27,2024-037,Desktop
hpbzfsayi8xagahhw3d1da6v,0.801089,65+,HS or less,Other,Male,Democrat,South,Somewhat accurate,Somewhat trustworthy,Extremely important,I would never participate in a phone survey,Yes,Likely,It would become my preferred incentive offer,It depends on who is asking,FALSE,FALSE,FALSE,298,2025-06-28,2024-037,Desktop
z6xhx6et5qb6vqxiohu3ab0q,0.80041,65+,4-yr/post-graduate degree,White,Male,Democrat,Northeast,Somewhat accurate,Somewhat trustworthy,Somewhat important,I would never participate in a phone survey,Yes,Not at all likely,It would not interest me,It depends on who is asking,FALSE,FALSE,FALSE,375,2025-07-03,2024-037,Desktop
0hmt54qsa16h05myhxl2zp90,1.511945,18-29,HS or less,Hispanic,Female,Republican,Northeast,Not very accurate,Somewhat trustworthy,Very important,Not likely,No,Not very likely,It would not interest me,It depends on who is asking,FALSE,FALSE,FALSE,291,2025-06-18,2024-037,Tablet
thinca5w14jccdfgwjn3p9lq,1.169601,50-64,Some college/2-yr degree,White,Female,Republican,West,Somewhat accurate,Somewhat trustworthy,Not very important,Not likely,Maybe,Likely,It would become my preferred incentive offer,No,FALSE,FALSE,FALSE,189,2025-06-21,2024-037,Tablet
4q1lmdtjpf1nx85dgy6jxr4f,1.209582,65+,4-yr/post-graduate degree,Hispanic,Female,Republican,South,Somewhat accurate,Not very trustworthy,Somewhat important,Very likely,Maybe,Not at all likely,It would become my preferred incentive offer,Yes,FALSE,FALSE,FALSE,435,2025-06-17,2024-037,Mobile
e4m97o95p0bl885980lwojta,1.131365,50-64,HS or less,White,Male,Democrat,South,Very accurate,Not very trustworthy,Somewhat important,I would never participate in a phone survey,Yes,Not at all likely,It would be one I would likely choose,It depends on who is asking,FALSE,FALSE,FALSE,425,2025-06-24,2024-037,Tablet
eciprrvaflawwtyyr9vef3v9,0.702296,30-49,HS or less,Other,Female,Republican,Midwest,Not very accurate,Somewhat trustworthy,Somewhat important,Not likely,Yes,Likely,It would become my preferred incentive offer,Yes,FALSE,FALSE,FALSE,343,2025-07-07,2024-037,Mobile
b97vp7bk94c320g5aknhlres,0.783086,30-49,4-yr/post-graduate degree,Hispanic,Male,Republican,Northeast,Not at all accurate,Somewhat trustworthy,Very important,Not likely,Maybe,Not very likely,It would be one I would likely choose,No,FALSE,FALSE,FALSE,263,2025-06-25,2024-037,Mobile
8h6aa91vyig42m8umqe8t6w3,0.990049,18-29,Some college/2-yr degree,Black,Female,Independent,Northeast,Not very accurate,Very trustworthy,Very important,Not likely,Maybe,Very likely,It would be one I would likely choose,No,TRUE,TRUE,FALSE,105,2025-06-28,2024-037,Tablet
hqe7t2eaeaodg0mzk8797b9d,0.467442,18-29,4-yr/post-graduate degree,White,Female,Independent,West,Somewhat accurate,Somewhat trustworthy,Very important,Somewhat likely,Yes,Not very likely,It would become my preferred incentive offer,Yes,FALSE,FALSE,FALSE,309,2025-06-20,2024-037,Tablet
32boriob84d014hv0luig0oz,0.889891,30-49,Some college/2-yr degree,White,Male,Democrat,South,Somewhat accurate,Somewhat trustworthy,Somewhat important,Not likely,Maybe,Likely,It would be one I would likely choose,No,TRUE,FALSE,FALSE,302,2025-06-24,2024-037,Mobile
xckb1lt0h7kioehy5m0p3mxi,0.640169,65+,Some college/2-yr degree,Hispanic,Female,Democrat,Northeast,Somewhat accurate,Not very trustworthy,Somewhat important,Not likely,Yes,Likely,It would become my preferred incentive offer,Yes,FALSE,FALSE,FALSE,363,2025-07-11,2024-037,Tablet
xn5seqaeurb88gie7mkea6ts,0.904033,50-64,4-yr/post-graduate degree,White,Male,Independent,South,Not very accurate,Not at all trustworthy,Somewhat important,Not likely,Yes,Not at all likely,It would become my preferred incentive offer,Yes,FALSE,FALSE,FALSE,473,2025-06-24,2024-037,Mobile
vv9jxi6y6jbvlbhidjxonpt4,0.370845,50-64,4-yr/post-graduate degree,White,Female,Independent,Northeast,Not very accurate,Somewhat trustworthy,Not at all important,Somewhat likely,Maybe,Likely,It would become my preferred incentive offer,Yes,FALSE,FALSE,FALSE,236,2025-06-30,2024-037,Mobile
4zctc5v2tnc338x43cbchpxr,0.765922,18-29,HS or less,White,Female,Republican,South,Not very accurate,Not at all trustworthy,Very important,Very likely,Yes,Very likely,It would be one I would likely choose,It depends on who is asking,FALSE,FALSE,FALSE,238,2025-06-19,2024-037,Desktop
37koinfeg96741d2l389zhmq,0.943142,30-49,Some college/2-yr degree,White,Female,Republican,South,Very accurate,Not at all trustworthy,Very important,Very likely,No,Not very likely,It would become my preferred incentive offer,Yes,FALSE,TRUE,FALSE,60,2025-06-24,2024-037,Desktop
lo5o6pfa2usyiymci2b75m4t,1.246966,18-29,Some college/2-yr degree,Hispanic,Female,Democrat,Midwest,Very accurate,Not very trustworthy,Very important,Somewhat likely,Yes,Likely,It would be one I would likely choose,It depends on who is asking,TRUE,FALSE,FALSE,222,2025-07-17,2024-037,Tablet
c848e66vm1xe2nfd1rgqp94w,1.333523,50-64,HS or less,Other,Male,Republican,South,Not at all accurate,Very trustworthy,Very important,Not likely,No,Not very likely,It would become my preferred incentive offer,It depends on who is asking,FALSE,FALSE,FALSE,417,2025-06-22,2024-037,Desktop
guxrdosfqoly4vhuqnocxi2p,0.999787,50-64,4-yr/post-graduate degree,White,Female,Independent,South,Not very accurate,Somewhat trustworthy,Not very important,Very likely,Maybe,Likely,It would be one I would likely choose,Yes,FALSE,FALSE,FALSE,394,2025-06-27,2024-037,Tablet
dbuq5oc40m35we7hfgz12sol,0.686124,50-64,Some college/2-yr degree,Black,Male,Democrat,Northeast,Not very accurate,Somewhat trustworthy,Somewhat important,I would never participate in a phone survey,Maybe,Likely,It would not interest me,It depends on who is asking,FALSE,FALSE,FALSE,345,2025-07-14,2024-037,Desktop
32iihtzc9ftl96zc5fcskabk,1.259904,50-64,4-yr/post-graduate degree,White,Female,Independent,South,Not very accurate,Not very trustworthy,Somewhat important,Very likely,Maybe,Very likely,It would not interest me,Yes,FALSE,FALSE,TRUE,394,2025-06-17,2024-037,Tablet
ysai8az45iwpzpj9dcho5hjp,1.463613,65+,Some college/2-yr degree,Hispanic,Male,Democrat,West,Somewhat accurate,Not very trustworthy,Not very important,Not likely,Maybe,Very likely,It would become my preferred incentive offer,It depends on who is asking,FALSE,FALSE,FALSE,393,2025-07-01,2024-037,Tablet
qqwx3a9izu3shkgfdfevyl8q,0.83217,30-49,Some college/2-yr degree,Other,Female,Democrat,Midwest,Somewhat accurate,Very trustworthy,Not at all important,Not likely,Maybe,Very likely,It would be one I would likely choose,Yes,FALSE,FALSE,FALSE,355,2025-06-19,2024-037,Desktop
usaj3pyvc480ewy950wwmblz,0.618178,65+,4-yr/post-graduate degree,White,Female,Republican,Midwest,Somewhat accurate,Not very trustworthy,Extremely important,Not likely,No,Not at all likely,It would not interest me,It depends on who is asking,FALSE,FALSE,FALSE,347,2025-06-29,2024-037,Tablet
zucwe382anv6yf993tyroqcr,1.288175,50-64,Some college/2-yr degree,White,Male,Democrat,West,Somewhat accurate,Not very trustworthy,Somewhat important,I would never participate in a phone survey,Yes,Not very likely,It would become my preferred incentive offer,Yes,FALSE,FALSE,FALSE,215,2025-06-23,2024-037,Desktop
4wmd2pgru2ily341wq4h8p4a,1.504214,50-64,HS or less,White,Male,Independent,West,Somewhat accurate,Somewhat trustworthy,Somewhat important,Not likely,Yes,Not very likely,It would be one I would likely choose,Yes,FALSE,FALSE,FALSE,143,2025-06-19,2024-037,Mobile
cnj0z2xc7ryokl9ppvkv1srz,0.914516,30-49,Some college/2-yr degree,Black,Female,Independent,West,Not very accurate,Somewhat trustworthy,Extremely important,Somewhat likely,Maybe,Not very likely,It would become my preferred incentive offer,It depends on who is asking,FALSE,FALSE,FALSE,410,2025-06-19,2024-037,Tablet
69e20x5s7pubpc3lj8y9esgv,0.996344,50-64,Some college/2-yr degree,White,Female,Independent,South,Very accurate,Somewhat trustworthy,Very important,Not likely,Yes,Not at all likely,It would be one I would likely choose,It depends on who is asking,FALSE,FALSE,FALSE,236,2025-07-13,2024-037,Mobile
uk0b1k2hpl3kn7gg2clnqz0b,0.68268,50-64,HS or less,White,Female,Independent,Northeast,Somewhat accurate,Somewhat trustworthy,Very important,Somewhat likely,Maybe,Likely,It would become my preferred incentive offer,It depends on who is asking,FALSE,FALSE,FALSE,243,2025-07-07,2024-037,Mobile
9wggl8ryrntajnx9kddl9jhm,1.143044,30-49,Some college/2-yr degree,Black,Male,Republican,West,Not very accurate,Not very trustworthy,Very important,I would never participate in a phone survey,Maybe,Very likely,It would be one I would likely choose,Yes,TRUE,TRUE,FALSE,125,2025-07-04,2024-037,Desktop
745gz7loik62u46lsvhygp91,0.96506,30-49,4-yr/post-graduate degree,White,Female,Independent,West,Somewhat accurate,Very trustworthy,Not at all important,Not likely,No,Likely,It would become my preferred incentive offer,It depends on who is asking,FALSE,FALSE,FALSE,161,2025-06-22,2024-037,Tablet
h3estkbcl3fr8gt849hyen8a,1.131038,30-49,Some college/2-yr degree,White,Male,Republican,Midwest,Not very accurate,Not very trustworthy,Not very important,Very likely,No,Likely,It would be one I would likely choose,No,FALSE,FALSE,FALSE,340,2025-07-01,2024-037,Mobile
aj8ku9l4bu6x1yqlzyeovwaj,0.741906,50-64,4-yr/post-graduate degree,Black,Male,Democrat,Midwest,Not very accurate,Very trustworthy,Very important,I would never participate in a phone survey,Yes,Not very likely,It would become my preferred incentive offer,Yes,FALSE,FALSE,FALSE,300,2025-07-12,2024-037,Tablet
dtx7l7wj7kk4acjoco6icwox,0.210365,50-64,Some college/2-yr degree,White,Female,Republican,South,Somewhat accurate,Somewhat trustworthy,Somewhat important,Not likely,Yes,Not at all likely,It would become my preferred incentive offer,It depends on who is asking,FALSE,FALSE,FALSE,351,2025-07-01,2024-037,Mobile
45q4fyk73eqqrqivmmcyx0kt,0.842078,30-49,Some college/2-yr degree,White,Female,Democrat,West,Somewhat accurate,Somewhat trustworthy,Very important,Very likely,Maybe,Not very likely,It would be one I would likely choose,It depends on who is asking,FALSE,FALSE,TRUE,365,2025-07-09,2024-037,Tablet
e5jioal4m3c0wl15jmv5t78p,1.132639,30-49,4-yr/post-graduate degree,Hispanic,Female,Other or none,Northeast,Somewhat accurate,Not very trustworthy,Somewhat important,Very likely,No,Likely,It would be one I would likely choose,It depends on who is asking,FALSE,FALSE,FALSE,339,2025-06-25,2024-037,Tablet
va6mcspb8p73pqzhdt1mlukf,1.13065,30-49,HS or less,Other,Female,Republican,Midwest,Somewhat accurate,Somewhat trustworthy,Somewhat important,Not likely,Maybe,Not very likely,It would be one I would likely choose,It depends on who is asking,FALSE,FALSE,FALSE,249,2025-07-04,2024-037,Desktop
dhnp2scm5h3kynpvqc4mw8et,0.57716,30-49,Some college/2-yr degree,Hispanic,Male,Independent,Midwest,Not very accurate,Not very trustworthy,Not very important,Not likely,No,Not at all likely,It would be one I would likely choose,It depends on who is asking,FALSE,FALSE,FALSE,469,2025-06-22,2024-037,Desktop
y5lbip19a70e5aljd3mhijb7,1.428873,30-49,4-yr/post-graduate degree,White,Female,Republican,Northeast,Somewhat accurate,Not very trustworthy,Somewhat important,Not likely,Yes,Very likely,It would become my preferred incentive offer,No,FALSE,FALSE,FALSE,276,2025-06-20,2024-037,Mobile
m6lpr5in7eiox2w539z35pe9,0.801774,30-49,Some college/2-yr degree,Hispanic,Male,Democrat,West,Not very accurate,Somewhat trustworthy,Not very important,Very likely,Yes,Not at all likely,It would not interest me,It depends on who is asking,FALSE,FALSE,FALSE,241,2025-07-11,2024-037,Desktop
6mh8mcrrh08x3ule5ap95oca,1.282172,30-49,Some college/2-yr degree,Black,Female,Democrat,South,Somewhat accurate,Very trustworthy,Very important,Not likely,Yes,Not at all likely,It would be one I would likely choose,It depends on who is asking,FALSE,FALSE,FALSE,321,2025-07-02,2024-037,Mobile
z95kbqu6n5pcgp8tzpbcbgfq,0.981177,30-49,HS or less,White,Female,Democrat,Midwest,Not very accurate,Somewhat trustworthy,Not very important,Not likely,Yes,Likely,It would be one I would likely choose,Yes,FALSE,FALSE,FALSE,329,2025-06-20,2024-037,Tablet
nfjdx3qwcj7njm5rjqm3veqq,0.714284,30-49,Some college/2-yr degree,White,Male,Independent,Midwest,Somewhat accurate,Not very trustworthy,Very important,I would never participate in a phone survey,No,Likely,It would become my preferred incentive offer,It depends on who is asking,FALSE,FALSE,FALSE,327,2025-07-04,2024-037,Desktop
vz4imj2fr6undyazzap00ndm,0.662891,50-64,HS or less,Hispanic,Female,Independent,South,Not very accurate,Very trustworthy,Not very important,Not likely,Yes,Very likely,It would become my preferred incentive offer,No,FALSE,FALSE,FALSE,256,2025-06-24,2024-037,Desktop
f2clc0nxfzi1bi9yfq0l6lmi,0.94282,30-49,HS or less,White,Male,Republican,Midwest,Somewhat accurate,Not very trustworthy,Somewhat important,Very likely,Yes,Not very likely,It would become my preferred incentive offer,Yes,FALSE,FALSE,FALSE,269,2025-06-28,2024-037,Desktop
apfwkf767wqd6yd74cnrpwlx,1.074029,18-29,HS or less,White,Male,Republican,Northeast,Not at all accurate,Very trustworthy,Somewhat important,I would never participate in a phone survey,Yes,Not at all likely,It would be one I would likely choose,It depends on who is asking,TRUE,TRUE,FALSE,157,2025-07-06,2024-037,Mobile
zlpgsn7810ohc9tfmsvtwwom,1.09529,18-29,4-yr/post-graduate degree,Hispanic,Female,Republican,South,Somewhat accurate,Somewhat trustworthy,Very important,Somewhat likely,Yes,Not very likely,It would become my preferred incentive offer,No,FALSE,FALSE,FALSE,229,2025-07-01,2024-037,Desktop
7vv0q7jfh0cmf50mb311skx6,0.845303,50-64,4-yr/post-graduate degree,White,Female,Republican,Midwest,Somewhat accurate,Somewhat trustworthy,Somewhat important,I would never participate in a phone survey,No,Very likely,It would be one I would likely choose,It depends on who is asking,FALSE,FALSE,FALSE,324,2025-06-21,2024-037,Mobile
82skfxmqbey3rf8hv7pojqo7,1.109406,65+,Some college/2-yr degree,White,Female,Democrat,South,Not very accurate,Not very trustworthy,Very important,Not likely,Yes,Very likely,It would not interest me,It depends on who is asking,FALSE,FALSE,FALSE,339,2025-07-08,2024-037,Tablet
gox9z5o2hcfdzh3kxkspftq6,1.193368,50-64,Some college/2-yr degree,White,Other,Independent,Northeast,Not very accurate,Not at all trustworthy,Very important,Very likely,Yes,Very likely,It would not interest me,Yes,FALSE,FALSE,FALSE,295,2025-06-27,2024-037,Tablet
y4f8cylyp3mt4w9o01s4on09,1.437948,18-29,Some college/2-yr degree,Other,Female,Republican,Northeast,Very accurate,Somewhat trustworthy,Not very important,Somewhat likely,Maybe,Not at all likely,It would not interest me,Yes,FALSE,FALSE,FALSE,354,2025-06-19,2024-037,Tablet
isnmpomfxqq6b03ajig4xc87,0.937254,30-49,HS or less,White,Female,Independent,West,Not very accurate,Very trustworthy,Somewhat important,Not likely,Yes,Not very likely,It would be one I would likely choose,No,FALSE,FALSE,FALSE,344,2025-06-23,2024-037,Desktop
8kbt50vihvrb9hpl26yocdd8,1.127097,30-49,Some college/2-yr degree,White,Female,Democrat,Midwest,Very accurate,Very trustworthy,Somewhat important,Somewhat likely,Yes,Very likely,It would be one I would likely choose,No,FALSE,FALSE,FALSE,258,2025-07-01,2024-037,Tablet
h7dcuvpee0zmev5h6voh9g9r,0.995682,30-49,Some college/2-yr degree,Black,Female,Republican,Northeast,Somewhat accurate,Not very trustworthy,Somewhat important,Very likely,Maybe,Not at all likely,It would be one I would likely choose,It depends on who is asking,FALSE,FALSE,FALSE,345,2025-06-19,2024-037,Mobile
b48x7l1fyahd76jnpmfm1qeq,0.950021,50-64,Some college/2-yr degree,White,Female,Other or none,West,Somewhat accurate,Somewhat trustworthy,Somewhat important,I would never participate in a phone survey,No,Very likely,It would become my preferred incentive offer,Yes,FALSE,FALSE,FALSE,324,2025-07-08,2024-037,Mobile
h8t0liopie3f6kbg4kcffg7q,1.000646,18-29,Some college/2-yr degree,White,Female,Independent,Northeast,Somewhat accurate,Very trustworthy,Somewhat important,Not likely,No,Likely,It would not interest me,It depends on who is asking,FALSE,TRUE,FALSE,91,2025-06-21,2024-037,Desktop
lta2joraplbrexrgifq7o0j6,1.30056,50-64,Some college/2-yr degree,Hispanic,Female,Independent,Northeast,Not very accurate,Not very trustworthy,Very important,Very likely,No,Likely,It would become my preferred incentive offer,Yes,FALSE,FALSE,FALSE,414,2025-06-29,2024-037,Tablet
h3sk4al87y3c6s2silbuqhvo,0.915745,18-29,4-yr/post-graduate degree,White,Male,Democrat,South,Somewhat accurate,Somewhat trustworthy,Somewhat important,Somewhat likely,No,Not very likely,It would become my preferred incentive offer,It depends on who is asking,FALSE,FALSE,FALSE,314,2025-06-19,2024-037,Desktop
6zk3wmjagosr95pck50w4bi0,1.2012,30-49,4-yr/post-graduate degree,White,Male,Other or none,South,Somewhat accurate,Somewhat trustworthy,Somewhat important,Somewhat likely,Yes,Not very likely,It would not interest me,Yes,FALSE,FALSE,FALSE,176,2025-06-26,2024-037,Tablet
ys06v9lgz6xgq17w74xps5nr,0.69787,18-29,HS or less,Hispanic,Male,Democrat,Midwest,Very accurate,Not very trustworthy,Not very important,Very likely,Yes,Likely,It would be one I would likely choose,It depends on who is asking,FALSE,FALSE,FALSE,419,2025-06-19,2024-037,Tablet
qc0lpxeygk2wj4p6928l42o3,1.016611,65+,Some college/2-yr degree,White,Male,Democrat,South,Somewhat accurate,Very trustworthy,Somewhat important,Somewhat likely,Maybe,Likely,It would be one I would likely choose,It depends on who is asking,FALSE,FALSE,FALSE,361,2025-07-01,2024-037,Mobile
1k9or65mrlj3kgug7av2nad6,0.572542,30-49,Some college/2-yr degree,Other,Male,Other or none,Midwest,Very accurate,Not very trustworthy,Very important,Somewhat likely,Yes,Likely,It would be one I would likely choose,It depends on who is asking,FALSE,FALSE,FALSE,349,2025-07-07,2024-037,Tablet
mtc2qn38y34td56dodh9vj44,1.059848,65+,HS or less,White,Male,Independent,West,Somewhat accurate,Not very trustworthy,Very important,Very likely,Maybe,Not at all likely,It would be one I would likely choose,It depends on who is asking,FALSE,FALSE,FALSE,254,2025-07-02,2024-037,Tablet
xvkb5ktguehjqxrmdi7wdekh,0.850821,30-49,HS or less,White,Female,Republican,South,Somewhat accurate,Not very trustworthy,Somewhat important,Not likely,Yes,Likely,It would be one I would likely choose,Yes,TRUE,TRUE,FALSE,101,2025-07-17,2024-037,Desktop
ibnbyb09jklx5i5gq8j4cm92,1.382508,18-29,Some college/2-yr degree,Black,Female,Democrat,Northeast,Not very accurate,Not very trustworthy,Not very important,Somewhat likely,No,Not very likely,It would be one I would likely choose,It depends on who is asking,FALSE,FALSE,FALSE,435,2025-06-22,2024-037,Desktop
om8aoc5h166w3stq5ka4tlv4,0.991732,18-29,HS or less,Hispanic,Female,Independent,Midwest,Not at all accurate,Very trustworthy,Somewhat important,I would never participate in a phone survey,Maybe,Not very likely,It would become my preferred incentive offer,It depends on who is asking,FALSE,FALSE,FALSE,406,2025-06-18,2024-037,Tablet
sjclmprbd360jpyg58b7u8rw,0.428192,18-29,Some college/2-yr degree,White,Male,Other or none,Northeast,Very accurate,Not at all trustworthy,Not very important,Not likely,Yes,Not very likely,It would be one I would likely choose,It depends on who is asking,FALSE,FALSE,TRUE,284,2025-07-08,2024-037,Tablet
pomigt5hntnl7jusjasuv5i6,0.829589,65+,Some college/2-yr degree,Other,Male,Republican,Midwest,Not at all accurate,Somewhat trustworthy,Somewhat important,Not likely,Yes,Not at all likely,It would be one I would likely choose,It depends on who is asking,FALSE,FALSE,FALSE,334,2025-07-12,2024-037,Desktop
tqi3y18y8lpcnxgpqthyu02q,0.918937,50-64,Some college/2-yr degree,Hispanic,Female,Democrat,South,Not very accurate,Not very trustworthy,Somewhat important,Not likely,Yes,Not at all likely,It would be one I would likely choose,It depends on who is asking,FALSE,FALSE,FALSE,178,2025-06-17,2024-037,Mobile
s36vcm8yyvrxx67lwz9z191s,0.999504,30-49,HS or less,Black,Male,Democrat,Midwest,Somewhat accurate,Very trustworthy,Not at all important,Somewhat likely,No,Very likely,It would become my preferred incentive offer,It depends on who is asking,FALSE,FALSE,TRUE,403,2025-06-18,2024-037,Tablet
9ls2ezozqjmbtrpwlyc183i4,0.785834,30-49,4-yr/post-graduate degree,Hispanic,Male,Independent,South,Somewhat accurate,Somewhat trustworthy,Somewhat important,I would never participate in a phone survey,No,Not at all likely,It would become my preferred incentive offer,It depends on who is asking,FALSE,FALSE,FALSE,479,2025-06-27,2024-037,Mobile
8n1nolvo5grh75y4lssuqctj,0.940193,50-64,Some college/2-yr degree,White,Other,Democrat,Midwest,Not at all accurate,Not very trustworthy,Not very important,Very likely,No,Likely,It would be one I would likely choose,It depends on who is asking,FALSE,FALSE,FALSE,364,2025-07-16,2024-037,Desktop
iq9mxhioy8tvlk5ko989lfax,1.267324,50-64,4-yr/post-graduate degree,Hispanic,Female,Republican,Midwest,Not at all accurate,Not very trustworthy,Somewhat important,Not likely,No,Not at all likely,It would become my preferred incentive offer,Yes,FALSE,FALSE,FALSE,195,2025-06-24,2024-037,Tablet
pbzzdrc5klgp2ozii9dl5r1a,0.660895,30-49,4-yr/post-graduate degree,Hispanic,Male,Democrat,South,Not very accurate,Somewhat trustworthy,Somewhat important,Somewhat likely,No,Likely,It would be one I would likely choose,It depends on who is asking,FALSE,FALSE,FALSE,354,2025-06-18,2024-037,Desktop
ueitbbjq6jt9h2pnfb4mdequ,1.115055,30-49,HS or less,Other,Female,Republican,South,Not at all accurate,Not very trustworthy,Very important,Not likely,Maybe,Not very likely,It would become my preferred incentive offer,It depends on who is asking,FALSE,FALSE,FALSE,268,2025-06-23,2024-037,Tablet
z7ws4h11zv4yb7o8vfbbseqq,1.404455,18-29,Some college/2-yr degree,White,Female,Republican,Northeast,Not very accurate,Very trustworthy,Somewhat important,Very likely,Maybe,Not very likely,It would become my preferred incentive offer,It depends on who is asking,FALSE,FALSE,FALSE,362,2025-07-07,2024-037,Desktop
nfqaxv1ui4nn9wx67wus5lgc,0.840787,65+,Some college/2-yr degree,White,Female,Republican,Northeast,Not very accurate,Not very trustworthy,Somewhat important,Very likely,Maybe,Very likely,It would be one I would likely choose,It depends on who is asking,FALSE,FALSE,FALSE,303,2025-06-17,2024-037,Desktop
pm6r8qso31mpu9t1ha1jkw1o,1.057678,50-64,Some college/2-yr degree,White,Male,Independent,Midwest,Not very accurate,Somewhat trustworthy,Not very important,Somewhat likely,Yes,Likely,It would not interest me,Yes,FALSE,FALSE,FALSE,293,2025-07-10,2024-037,Tablet
aiijc0c99tf67usa8gjkgz52,1.002031,50-64,HS or less,White,Male,Republican,Midwest,Not very accurate,Not very trustworthy,Very important,Somewhat likely,Yes,Likely,It would be one I would likely choose,Yes,FALSE,TRUE,FALSE,139,2025-07-14,2024-037,Tablet
qt9au3c5p61ediphvw3zhkl1,1.087334,30-49,HS or less,Hispanic,Female,Independent,Midwest,Not at all accurate,Not very trustworthy,Somewhat important,Very likely,Yes,Not very likely,It would be one I would likely choose,It depends on who is asking,FALSE,FALSE,FALSE,404,2025-07-02,2024-037,Mobile
6o66kitie32l505kbzd3v3t5,1.07603,30-49,HS or less,White,Female,Democrat,Midwest,Not very accurate,Somewhat trustworthy,Somewhat important,Somewhat likely,Yes,Likely,It would become my preferred incentive offer,It depends on who is asking,FALSE,FALSE,FALSE,374,2025-06-17,2024-037,Tablet
564qrkdetez5q5ho27c1kc3d,1.154398,65+,4-yr/post-graduate degree,White,Male,Republican,Northeast,Not very accurate,Very trustworthy,Somewhat important,Very likely,Maybe,Not very likely,It would be one I would likely choose,It depends on who is asking,FALSE,FALSE,FALSE,275,2025-07-09,2024-037,Mobile
dtt9dbfowjfldjgit95k175g,1.071736,18-29,Some college/2-yr degree,White,Male,Independent,Midwest,Somewhat accurate,Not very trustworthy,Very important,Somewhat likely,No,Likely,It would be one I would likely choose,No,FALSE,FALSE,FALSE,607,2025-06-20,2024-037,Desktop
0nw3jgw39j0un2f8ny1q0erw,1.211226,65+,HS or less,Hispanic,Male,Democrat,South,Not very accurate,Somewhat trustworthy,Extremely important,Somewhat likely,Maybe,Not at all likely,It would become my preferred incentive offer,Yes,FALSE,FALSE,FALSE,284,2025-07-14,2024-037,Desktop
auyrrexdi0lq6k029crtmblk,1.189205,30-49,HS or less,Hispanic,Male,Republican,South,Very accurate,Somewhat trustworthy,Not at all important,Not likely,Maybe,Likely,It would be one I would likely choose,It depends on who is asking,FALSE,FALSE,FALSE,339,2025-06-23,2024-037,Tablet
f0v0xnikyxkv4o4cec8i82ky,1.144845,50-64,HS or less,Hispanic,Male,Republican,West,Very accurate,Not very trustworthy,Not very important,Somewhat likely,No,Likely,It would be one I would likely choose,No,FALSE,FALSE,FALSE,316,2025-07-12,2024-037,Mobile
1sxspsnl9zx30jyoyvho72mv,0.690967,65+,4-yr/post-graduate degree,White,Female,Republican,South,Not very accurate,Somewhat trustworthy,Somewhat important,Very likely,Yes,Very likely,It would not interest me,It depends on who is asking,FALSE,FALSE,FALSE,334,2025-06-22,2024-037,Tablet
iwt5u46mianbdr39syuia75f,0.679167,65+,HS or less,White,Female,Independent,Midwest,Somewhat accurate,Somewhat trustworthy,Somewhat important,Somewhat likely,Maybe,Likely,It would not interest me,Yes,FALSE,FALSE,FALSE,418,2025-06-26,2024-037,Tablet
lshu5mhionox3ig1zij3oqhz,1.183994,18-29,HS or less,Black,Female,Republican,Midwest,Somewhat accurate,Somewhat trustworthy,Somewhat important,I would never participate in a phone survey,Maybe,Likely,It would be one I would likely choose,No,TRUE,FALSE,FALSE,368,2025-07-05,2024-037,Tablet
y5i8pluun9w4ucg39wkvioq3,0.741357,65+,Some college/2-yr degree,Other,Female,Independent,Midwest,Somewhat accurate,Somewhat trustworthy,Somewhat important,I would never participate in a phone survey,Yes,Not very likely,It would be one I would likely choose,Yes,FALSE,FALSE,FALSE,340,2025-06-27,2024-037,Mobile
xyz0ws8fl28ipkflswdw3thi,0.957796,30-49,4-yr/post-graduate degree,White,Male,Republican,Midwest,Somewhat accurate,Somewhat trustworthy,Not very important,Not likely,No,Likely,It would not interest me,Yes,FALSE,FALSE,TRUE,308,2025-07-11,2024-037,Tablet
dwmj2cfcfur0hpiamxtzfdwo,0.57373,65+,4-yr/post-graduate degree,Other,Male,Democrat,South,Somewhat accurate,Not very trustworthy,Very important,Somewhat likely,Yes,Likely,It would become my preferred incentive offer,No,FALSE,FALSE,TRUE,284,2025-07-08,2024-037,Tablet
prlst6j4ccu4ja2ql04t2guf,0.599932,30-49,Some college/2-yr degree,White,Female,Republican,West,Not very accurate,Not very trustworthy,Somewhat important,Somewhat likely,Yes,Likely,It would become my preferred incentive offer,Yes,TRUE,FALSE,FALSE,302,2025-06-19,2024-037,Mobile
f0cnu2ow82mdrj7yt9tu08hb,0.483929,65+,Some college/2-yr degree,White,Male,Independent,West,Very accurate,Not very trustworthy,Not very important,Somewhat likely,Yes,Not at all likely,It would become my preferred incentive offer,It depends on who is asking,FALSE,FALSE,FALSE,379,2025-07-14,2024-037,Mobile
2a5k2iy0shffud9brin3oc71,1.205744,18-29,Some college/2-yr degree,Hispanic,Male,Independent,West,Not very accurate,Not very trustworthy,Somewhat important,Somewhat likely,Yes,Not at all likely,It would be one I would likely choose,It depends on who is asking,FALSE,FALSE,FALSE,471,2025-07-11,2024-037,Mobile
zzse1ilw9kl6dhe4r77y6hix,0.847653,50-64,Some college/2-yr degree,White,Female,Republican,Northeast,Somewhat accurate,Not very trustworthy,Not very important,Not likely,Maybe,Not at all likely,It would not interest me,It depends on who is asking,FALSE,FALSE,TRUE,447,2025-07-16,2024-037,Desktop
m5kc9ph1w8zxq6b4jjyp96kf,1.363359,30-49,Some college/2-yr degree,White,Female,Independent,Northeast,Somewhat accurate,Not at all trustworthy,Not very important,Very likely,Maybe,Likely,It would be one I would likely choose,It depends on who is asking,FALSE,FALSE,FALSE,343,2025-07-02,2024-037,Desktop
86s3ywv0kcg9ikiqrwav7as9,0.902068,30-49,Some college/2-yr degree,White,Female,Republican,Northeast,Somewhat accurate,Very trustworthy,Extremely important,Not likely,No,Likely,It would not interest me,No,FALSE,FALSE,FALSE,457,2025-07-11,2024-037,Mobile
nn35gqlskyd1zn1bk8hixzf1,0.913845,18-29,4-yr/post-graduate degree,Hispanic,Male,Republican,West,Not very accurate,Not very trustworthy,Very important,Very likely,Yes,Not very likely,It would not interest me,No,FALSE,FALSE,FALSE,334,2025-07-01,2024-037,Desktop
w9xi9plknevivifuhwdyiu84,1.434903,65+,Some college/2-yr degree,Hispanic,Male,Democrat,South,Very accurate,Somewhat trustworthy,Very important,Somewhat likely,Maybe,Not at all likely,It would become my preferred incentive offer,Yes,FALSE,FALSE,FALSE,577,2025-06-18,2024-037,Tablet
7tetzfy0vzxath0wwpvz831h,1.129601,18-29,Some college/2-yr degree,White,Male,Republican,Northeast,Very accurate,Somewhat trustworthy,Somewhat important,I would never participate in a phone survey,Maybe,Not at all likely,It would be one I would likely choose,Yes,TRUE,TRUE,FALSE,170,2025-07-06,2024-037,Desktop
